,SKU,Product,Customer,Location,Status,CategoryDear,CategorySale,OnHand,Quantity,Sale,Unit,StockValue
93,833597009688,44 North Potato Vodka 750ml,Customer Square 3,Oak Hill,ACTIVE,Vodka,,12.0,,,,
184,080432516171,Aberlour Abunadh 750ml,Customer Square 3,Oak Hill,ACTIVE,Whiskey Scotch,,3.0,,,109.99000000000001,329.97
192,12161216,Absinthe Brouilleur 3 Hole,Customer Square 3,Oak Hill,ACTIVE,Bar Tools,,3.0,,,14.0,42.0
227,14701470,Absinthe Glass Torsade,Customer Square 3,Oak Hill,ACTIVE,Glassware,,8.0,,,12.0,96.0
254,835229000711,Absolut Elyx 750ml,Customer Square 3,Oak Hill,ACTIVE,Vodka,,3.0,,,37.99,113.97
313,0727785006736,Agricola Morandin Lentico Pet Nat 750ml,Customer Square 3,Oak Hill,ACTIVE,Bubbles,,4.0,,,19.990000000000002,79.96000000000001
325,4969265778597,Akashi Single Malt 750ml,Customer Square 3,Oak Hill,ACTIVE,Whiskey Japanese,,4.0,,,114.99,459.96
331,4969265758834,Akashi Ume 750ml,Customer Square 3,Oak Hill,ACTIVE,Whiskey Japanese,,3.0,,,42.99,128.97
367,094922423139,Alessio Di Torino Vermouth 750ml,Customer Square 3,Oak Hill,ACTIVE,Fortified,,3.0,,,27.99,83.97
439,634955000046,Amaro Lucano 750ml,Customer Square 3,Oak Hill,ACTIVE,Amaro,,3.0,,,29.99,89.97
479,666392848189,Amicone Cantine Di Ora 750ml,Customer Square 3,Oak Hill,ACTIVE,Red Old World,,10.0,,,13.99,139.9
624,865922000343,Anxo Rose Cider 4pk,Customer Square 3,Oak Hill,ACTIVE,Cider,,6.0,,,14.99,89.94
642,23165013296,Apologue Persimmon 375ml,Customer Square 3,Oak Hill,ACTIVE,Liqueur,,4.0,,,,
722,704228056121,Arette Artesanal Anejo 750ml,Customer Square 3,Oak Hill,ACTIVE,Tequila,,4.0,,,82.99,331.96
762,9781604336986,Art of the Flask,Customer Square 3,Oak Hill,ACTIVE,Books,,3.0,,,,
886,094922525017,Averell Damson Gin Liqueur 750ml,Customer Square 3,Oak Hill,ACTIVE,Liqueur,,3.0,,,24.99,74.97
970,856146006013,Avua Amburana Cachaca 750ml,Customer Square 3,Oak Hill,ACTIVE,Cachaca,,3.0,,,49.99,149.97
1190,760921594803,Banner Vodka 750ml,Customer Square 3,Oak Hill,ACTIVE,Vodka,,3.0,,,24.99,74.97
1202,8410061018173,Barbadillo Amontillado Dry Sherry 750ml,Customer Square 3,Oak Hill,ACTIVE,Fortified,,5.0,,,,
1205,8410061018166,Barbadillo Fino 750ml,Customer Square 3,Oak Hill,ACTIVE,Fortified,,7.0,,,14.99,104.93
1207,8410061018159,Barbadillo Manzanilla Sherry 750mL,Customer Square 3,Oak Hill,ACTIVE,Fortified,,6.0,,,,
1240,096925003202,Barnard Griffin Syrah Port 500ml,Customer Square 3,Oak Hill,ACTIVE,Fortified,,6.0,,,17.990000000000002,107.94000000000001
1278,736040003373,Barrell Bourbon 28 750ml,Customer Square 3,Oak Hill,ACTIVE,Whiskey Bourbon/American,,6.0,,,89.99000000000001,539.94
1281,736040003397,Barrell Bourbon 29 750ml,Customer Square 3,Oak Hill,ACTIVE,Whiskey Bourbon/American,,6.0,,,89.99,539.9399999999999
1284,736040003403,Barrell Bourbon 30 750ml,Customer Square 3,Oak Hill,ACTIVE,Whiskey Bourbon/American,,6.0,,,89.99,539.9399999999999
1286,736040004684,Barrell Bourbon 31 750ml,Customer Square 3,Oak Hill,ACTIVE,Whiskey Bourbon/American,,6.0,,,,
1294,736040002772,Barrell Bourbon Private Release 750ml,Customer Square 3,Oak Hill,ACTIVE,Whiskey Bourbon/American,,3.0,,,96.99,290.96999999999997
1368,9780399582530,Batch Cocktails,Customer Square 3,Oak Hill,ACTIVE,Books,,3.0,,,19.99,59.97
1402,089540507590,Beefeater 24 1L,Customer Square 3,Oak Hill,ACTIVE,Gin,,6.0,,,35.99,215.94
1411,609224885853,Belle Meade Bourbon 750ml,Customer Square 3,Oak Hill,ACTIVE,Whiskey Bourbon/American,,3.0,,,64.99,194.96999999999997
1484,851718000697,Benhams Sonoma Dry Gin 750ml,Customer Square 3,Oak Hill,ACTIVE,Gin,,4.0,,,34.99,139.96
1527,761503452535,Berto Ross Da Travaj 1L,Customer Square 3,Oak Hill,ACTIVE,Fortified,,6.0,,,14.889999999999999,89.33999999999999
1589,8607000307508,Bikicki Sfera Noir 750ml,Customer Square 3,Oak Hill,ACTIVE,Red Old World,,6.0,,,17.99,107.94
1619,860012000364,Bitter Queens Thai Spice Bitters 5oz,Customer Square 3,Oak Hill,ACTIVE,Bitters,,3.0,,,19.99,59.97
1628,810255020407,Bitter Truth Blossom Bitters 100ml,Customer Square 3,Oak Hill,ACTIVE,Bitters,,3.0,,,21.99,65.97
1652,810255020063,Bitter Truth Grapefruit Bitters 200ml,Customer Square 3,Oak Hill,ACTIVE,Bitters,,3.0,,,19.99,59.97
1661,810255020377,Bitter Truth Nut Bitters 100ml,Customer Square 3,Oak Hill,ACTIVE,Bitters,,3.0,,,21.99,65.97
1664,810255020360,Bitter Truth Olive Bitters 200ml,Customer Square 3,Oak Hill,ACTIVE,Bitters,,3.0,,,19.99,59.97
1676,810255020391,Bitter Truth Root Bitters 100ml,Customer Square 3,Oak Hill,ACTIVE,Bitters,,3.0,,,,
1682,810255020384,Bitter Truth Wood Bitters 100ml,Customer Square 3,Oak Hill,ACTIVE,Bitters,,3.0,,,21.99,65.97
1693,737212282770,Bittercube Corazon Bitters 5oz,Customer Square 3,Oak Hill,ACTIVE,Bitters,,4.0,,,19.99,79.96
1696,737212282886,Bittercube Jamaican #2 Bitters 5oz,Customer Square 3,Oak Hill,ACTIVE,Bitters,,3.0,,,19.79,59.37
1721,608866961901,Bittermens Citron Sauvage 375ml,Customer Square 3,Oak Hill,ACTIVE,Amaro,,7.0,,,14.99,104.93
1742,639767719247,Bittermens New Orleans Coffee 375ml,Customer Square 3,Oak Hill,ACTIVE,Liqueur,,12.0,,,14.99,179.88
1745,856972005211,Bittermens Orange Cream 5oz,Customer Square 3,Oak Hill,ACTIVE,Bitters,,12.0,,,19.990000000000002,239.88000000000002
1751,856972005242,Bittermens Scarborough Bitters 5oz,Customer Square 3,Oak Hill,ACTIVE,Bitters,,3.0,,,19.99,59.97
1766,852175005041,Bittermilk Charred Grapefruit Tonic 17oz,Customer Square 3,Oak Hill,ACTIVE,Mixer,,5.0,,,14.99,74.95
1778,9781580083591,Bitters A Spirited History,Customer Square 3,Oak Hill,ACTIVE,Books,,3.0,,,24.99,74.97
1798,040232378133,Black Feather Straight Rye 750ml,Customer Square 3,Oak Hill,ACTIVE,Whiskey Rye,,3.0,,,32.99,98.97
1872,855439000738,Bloody Mary Salt Rimmer,Customer Square 3,Oak Hill,ACTIVE,Garnish,,8.0,,,7.0,56.0
1956,8710631219031,Bobbys Dry Gin 750ml,Customer Square 3,Oak Hill,ACTIVE,Gin,,6.0,,,41.99,251.94
1971,5060372430107,Bobs Bitters Vanilla 100ml,Customer Square 3,Oak Hill,ACTIVE,Bitters,,4.0,,,31.99,127.96
1977,40001236,Bodega de Edgar CabRhone 750ml,Customer Square 3,Oak Hill,ACTIVE,Red New World,,7.0,,,32.99,230.93
1987,080915037643,Bols Butter Scotch Schnapps 1L,Customer Square 3,Oak Hill,ACTIVE,Liqueur,,3.0,,,12.99,38.97
2009,080480985646,Bombay Bramble 1L,Customer Square 3,Oak Hill,ACTIVE,Gin,,4.0,,,36.99,147.96
2083,852935001801,Botanika Angelica Amaro 750ml,Customer Square 3,Oak Hill,ACTIVE,Amaro,,6.0,,,,
2085,852935001856,Botanika Angelica Bitters 750ml,Customer Square 3,Oak Hill,ACTIVE,Amaro,,6.0,,,28.99,173.94
2171,084105337520,Branca Menta 375ml,Customer Square 3,Oak Hill,ACTIVE,Amaro,,3.0,,,15.99,47.97
2210,700686046209,Broc Cellars Love Red 750mL,Customer Square 3,Oak Hill,ACTIVE,Red New World,,4.0,,,21.99,87.96
2241,816136027091,Brothers Bond Bourbon 750ml,Customer Square 3,Oak Hill,ACTIVE,Whiskey Bourbon/American,,3.0,,,42.99,128.97
2306,812066020171,Brugal Extra Viejo 750ml,Customer Square 3,Oak Hill,ACTIVE,Rum,,4.0,,,27.99,111.96
2320,087236700379,Bruichladdich Islay Barley 750ml,Customer Square 3,Oak Hill,ACTIVE,Whiskey Scotch,,5.0,,,75.99,379.95
2347,850012626091,Brush Creek Bourbon 750ml,Customer Square 3,Oak Hill,ACTIVE,Whiskey Bourbon/American,,3.0,,,58.99,176.97
2351,850012626107,Brush Creek Rye 750ml,Customer Square 3,Oak Hill,ACTIVE,Whiskey Rye,,3.0,,,,
2682,3268140000145,Cap Corse Quinquina Rouge 750ml,Customer Square 3,Oak Hill,ACTIVE,Fortified,,3.0,,,21.99,65.97
2746,898563002605,Carpano Antica 750ml,Customer Square 3,Oak Hill,ACTIVE,Fortified,,6.0,,,34.99,209.94
2749,8004400076971,Carpano Bianco 1L,Customer Square 3,Oak Hill,ACTIVE,Fortified,,3.0,,,24.990000000000002,74.97
2764,898563002575,Carpano Dry 375ml,Customer Square 3,Oak Hill,ACTIVE,Fortified,,4.0,,,13.107647058823531,52.430588235294124
2767,898563002537,Carpano Dry Vermouth 1L,Customer Square 3,Oak Hill,ACTIVE,Fortified,,5.0,,,24.990000000000002,124.95000000000002
2784,5602246111110,Casa Do Valle Vino Verde 750ml,Customer Square 3,Oak Hill,ACTIVE,White,,6.0,,,9.96142857142857,59.76857142857142
2828,856724006114,Casamigos Blanco 750ml,Customer Square 3,Oak Hill,ACTIVE,Tequila,,6.0,,,49.99,299.94
2957,786992210121,Chairmans Forgotten Cask 750ml,Customer Square 3,Oak Hill,ACTIVE,Rum,,3.0,,,47.99,143.97
3022,853117005006,Chareau Aloe Liqueur 750ml,Customer Square 3,Oak Hill,ACTIVE,Liqueur,,4.0,,,44.99,179.96
3302,695521151739,Citadelle Reserve 750ml,Customer Square 3,Oak Hill,ACTIVE,Gin,,3.0,,,44.99,134.97
3405,182972001206,Clement Rhum Blanc Agricole 750ml,Customer Square 3,Oak Hill,ACTIVE,Rum,,6.0,,,19.990000000000002,119.94000000000001
3431,856980005333,Cobrafire Eau De Vie De Rasin 750ml,Customer Square 3,Oak Hill,ACTIVE,Brandy,,3.0,,,49.99,149.97
3499,791090529693,Cocktail Kingdom Coco Mesh Strainer Copper,Customer Square 3,Oak Hill,ACTIVE,Bar Tools,,9.0,,,10.77,96.92999999999999
3534,123490,Cocktail Kingdom Japanese Jigger .5-.75 oz Copper,Customer Square 3,Oak Hill,ACTIVE,Bar Tools,,8.0,,,18.0,144.0
3553,123496,Cocktail Kingdom Julep Strainer Copper,Customer Square 3,Oak Hill,ACTIVE,Bar Tools,,6.0,,,20.0,120.0
3556,123497,Cocktail Kingdom Julep Strainer Gold,Customer Square 3,Oak Hill,ACTIVE,Bar Tools,,5.0,,,22.0,110.0
3568,791090532358,Cocktail Kingdom Mixtin Beaker 625ml,Customer Square 3,Oak Hill,ACTIVE,Bar Tools,,3.0,,,43.0,129.0
3577,791090529136,Cocktail Kingdom Pineapple Barspoon Stainless,Customer Square 3,Oak Hill,ACTIVE,Bar Tools,,6.0,,,25.0,150.0
3590,791090526074,Cocktail Kingdom Skull Barspoon Stainless,Customer Square 3,Oak Hill,ACTIVE,Bar Tools,,6.0,,,25.0,150.0
3609,1234500000064,Cocktail Kingdom Teardrop Double Stirrer Copper,Customer Square 3,Oak Hill,ACTIVE,Bar Tools,,4.0,,,26.0,104.0
3612,1234500000065,Cocktail Kingdom Teardrop Double Stirrer Gold,Customer Square 3,Oak Hill,ACTIVE,Bar Tools,,4.0,,,22.4,89.6
3615,1234500000066,Cocktail Kingdom Teardrop Double Stirrer Stainless,Customer Square 3,Oak Hill,ACTIVE,Bar Tools,,4.0,,,20.0,80.0
3686,736040523888,Combier Elicser 375ml,Customer Square 3,Oak Hill,ACTIVE,Liqueur,,3.0,,,28.99,86.97
3848,123553,Copper Cocktail Picks,Customer Square 3,Oak Hill,ACTIVE,Bar Tools,,36.0,,,3.0,108.0
4016,080686967613,Cruzan Blackstrap 1L,Customer Square 3,Oak Hill,ACTIVE,Rum,,3.0,,,19.865,59.595
4051,7500326213076,Dakabend Mexican Rum 1L,Customer Square 3,Oak Hill,ACTIVE,Rum,,3.0,,,44.99,134.97
4071,088076184541,Dalwhinnie Distillers Edition 750ml,Customer Square 3,Oak Hill,ACTIVE,Whiskey Scotch,,3.0,,,99.99,299.96999999999997
4294,618397201391,Del Maguey Barril 750ml,Customer Square 3,Oak Hill,ACTIVE,Mezcal,,4.0,,,,
4303,618397201018,Del Maguey Espadin Especial 750ml,Customer Square 3,Oak Hill,ACTIVE,Mezcal,,3.0,,,129.99,389.97
4332,618397950015,Del Maguey San Luis del Rio 750ml,Customer Square 3,Oak Hill,ACTIVE,Mezcal,,6.0,,,78.99,473.93999999999994
4335,618397110013,Del Maguey San Luis del Rio Azul 750ml,Customer Square 3,Oak Hill,ACTIVE,Mezcal,,8.0,,,129.99,1039.92
4340,618397201230,Del Maguey San Pedro Taviche 750ml,Customer Square 3,Oak Hill,ACTIVE,Mezcal,,3.0,,,,
4392,7503019735541,Derrumbes Michoacan Chino Alto 750ml,Customer Square 3,Oak Hill,ACTIVE,Mezcal,,3.0,,,82.865,248.59499999999997
4395,613739980552,Derrumbes Oaxaca 200ml,Customer Square 3,Oak Hill,ACTIVE,Mezcal,,6.0,,,17.99,107.94
4410,708747152913,Derrumbes Tamaulipas Ensamble 750ml,Customer Square 3,Oak Hill,ACTIVE,Mezcal,,3.0,,,81.99,245.96999999999997
4413,613739980583,Derrumbes Zacatecas Blue Weber 200ml,Customer Square 3,Oak Hill,ACTIVE,Mezcal,,4.0,,,21.990000000000002,87.96000000000001
4416,708747152920,Derrumbes Zacatecas Blue Weber 750ml,Customer Square 3,Oak Hill,ACTIVE,Mezcal,,4.0,,,63.99,255.96
4439,3507110017111,Deux Moulins Rose 750ml,Customer Square 3,Oak Hill,ACTIVE,Rose,,6.0,,,9.99,59.94
4559,860002029917,District Distilling Wild Bark Gin 750ml,Customer Square 3,Oak Hill,ACTIVE,Gin,,6.0,,,39.99,239.94
4719,190046000048,Don Mateo Cupreata 750ml,Customer Square 3,Oak Hill,ACTIVE,Mezcal,,3.0,,,75.99,227.96999999999997
4723,190046000031,Don Mateo Manso De Sahuayo 750ml,Customer Square 3,Oak Hill,ACTIVE,Mezcal,,5.0,,,84.99,424.95
4729,190046000024,Don Mateo Silvestre 750ml,Customer Square 3,Oak Hill,ACTIVE,Mezcal,,3.0,,,,
4759,850021602017,Dos Deus Vermouth White 750ml,Customer Square 3,Oak Hill,ACTIVE,Fortified,,6.0,,,,
4774,1234500000081,Double Zero Apple Eau De Vie 750ml,Customer Square 3,Oak Hill,ACTIVE,Brandy,,3.0,,,86.99,260.96999999999997
4790,610696409744,Dr Adams Aphrodite Bitters 100ml,Customer Square 3,Oak Hill,ACTIVE,Bitters,,3.0,,,19.99,59.97
4796,5060185876215,Dr Adams Spanish Bitters 100ml,Customer Square 3,Oak Hill,ACTIVE,Bitters,,3.0,,,19.99,59.97
4813,5425007810516,Drie Fonteinen Oude Geuze 1.5L,Customer Square 3,Oak Hill,ACTIVE,Craft Beer,,3.0,,,62.99,188.97
4817,9780399580550,Drinking Distilled A Users Manual,Customer Square 3,Oak Hill,ACTIVE,Books,,3.0,,,16.99,50.97
4870,096749401307,Dubonnet Rouge 750ml,Customer Square 3,Oak Hill,ACTIVE,Fortified,,3.0,,,15.99,47.97
4893,3267130034405,Duquesne Rhum Agricole Dark 1L,Customer Square 3,Oak Hill,ACTIVE,Rum,,3.0,,,33.99,101.97
4914,085000004210,E & J VS Brandy 200ml,Customer Square 3,Oak Hill,ACTIVE,Brandy,,20.0,,,3.99,79.80000000000001
5071,852681918064,El Buho Tepeztate 750ml,Customer Square 3,Oak Hill,ACTIVE,Mezcal,,3.0,,,89.99000000000001,269.97
5123,711629001308,El Dorado Diamond White 750ml,Customer Square 3,Oak Hill,ACTIVE,Rum,,3.0,,,12.99,38.97
5157,850012903499,El Guapo Falernum Syrup 8.5oz,Customer Square 3,Oak Hill,ACTIVE,Mixer,,4.0,,,12.99,51.96
5174,850012903116,El Guapo Mojito Syrup 8.5oz,Customer Square 3,Oak Hill,ACTIVE,Mixer,,3.0,,,12.99,38.97
5190,850012903208,El Guapo Spiced Cocoa Bitters 100ml,Customer Square 3,Oak Hill,ACTIVE,Bitters,,7.0,,,19.99,139.92999999999998
5193,850012903444,El Guapo Summer Berries Bitters 100ml,Customer Square 3,Oak Hill,ACTIVE,Bitters,,3.0,,,19.99,59.97
5377,098709086425,Emilio Hidalgo PX Sherry 500ml,Customer Square 3,Oak Hill,ACTIVE,Fortified,,3.0,,,20.99,62.97
5385,709081489697,Enoz La Monade Fiano 750ml,Customer Square 3,Oak Hill,ACTIVE,Orange Wine,,4.0,,,28.990000000000002,115.96000000000001
5388,28682868,Epoch Estate Blend 750ml,Customer Square 3,Oak Hill,ACTIVE,Red New World,,3.0,,,59.989999999999995,179.96999999999997
5391,678113000165,Ercole Barbera del Monferatto DOC 1L,Customer Square 3,Oak Hill,ACTIVE,Red Old World,,4.0,,,14.99,59.96
5426,858666003121,Esporao Alandra Red BIB 3L,Customer Square 3,Oak Hill,ACTIVE,Red Old World,,6.0,,,23.85666666666667,143.14000000000001
5436,858666003046,Esporao Monte Velho White 750ml,Customer Square 3,Oak Hill,ACTIVE,White,,3.0,,,11.175185185185185,33.525555555555556
5481,088004021955,Evangelines Praline Liqueur 750ml,Customer Square 3,Oak Hill,ACTIVE,Liqueur,,3.0,,,17.99,53.97
5546,761503725523,Fattoria Moretto Lambrusco Monovitigno 750ml,Customer Square 3,Oak Hill,ACTIVE,Bubbles,,8.0,,,24.903793103448276,199.2303448275862
5555,791863140506,Fee Brothers Aromatic Bitters 5oz,Customer Square 3,Oak Hill,ACTIVE,Bitters,,3.0,,,7.99,23.97
5576,791863144535,Fee Brothers Elderflower Water 5oz,Customer Square 3,Oak Hill,ACTIVE,Bitters,,3.0,,,7.99,23.97
5588,791863144504,Fee Brothers Hibiscus Water 5oz,Customer Square 3,Oak Hill,ACTIVE,Bitters,,3.0,,,7.99,23.97
5594,791863144528,Fee Brothers Lavender Water 5oz,Customer Square 3,Oak Hill,ACTIVE,Bitters,,3.0,,,7.989999999999999,23.97
5600,791863140759,Fee Brothers Lime Bitters 5oz,Customer Square 3,Oak Hill,ACTIVE,Bitters,,3.0,,,7.99,23.97
5603,791863140537,Fee Brothers Mint Bitters 5oz,Customer Square 3,Oak Hill,ACTIVE,Bitters,,3.0,,,7.989999999999999,23.97
5612,791863140520,Fee Brothers Peach Bitters 5oz,Customer Square 3,Oak Hill,ACTIVE,Bitters,,3.0,,,7.989999999999999,23.97
5623,791863140766,Fee Brothers Toasted Almond Bitters 5oz,Customer Square 3,Oak Hill,ACTIVE,Bitters,,4.0,,,7.723333333333334,30.893333333333334
5732,000309515038,Fidencio Mezcal 750ml,Customer Square 3,Oak Hill,ACTIVE,Mezcal,,5.0,,,38.99,194.95000000000002
5797,9780399579004,Finding Mezcal,Customer Square 3,Oak Hill,ACTIVE,Books,,5.0,,,30.0,150.0
5913,039383009577,Foro Amaro 1L,Customer Square 3,Oak Hill,ACTIVE,Amaro,,3.0,,,26.99,80.97
6009,724803018467,Foursquare Indelible 750ml,Customer Square 3,Oak Hill,ACTIVE,Rum,,6.0,,,85.99000000000001,515.94
6199,851756002219,Garrison Brothers 375ml,Customer Square 3,Oak Hill,ACTIVE,Whiskey Bourbon/American,,3.0,,,39.99,119.97
6276,852322814038,Giffard Cassis 750ml,Customer Square 3,Oak Hill,ACTIVE,Liqueur,,6.0,,,33.14,198.84
6300,852322814182,Giffard Orgeat Sirop 1L,Customer Square 3,Oak Hill,ACTIVE,Non Alcoholic Beverage,,4.0,,,19.990000000000002,79.96000000000001
6312,852322824174,Giffard Piment D'Espelette 750ml,Customer Square 3,Oak Hill,ACTIVE,Liqueur,,6.0,,,33.99,203.94
6317,852322824181,Giffard Triple Sec 1L,Customer Square 3,Oak Hill,ACTIVE,Liqueur,,6.0,,,,
6404,083664990405,Glenfiddich 15y Solera 750ml,Customer Square 3,Oak Hill,ACTIVE,Whiskey Scotch,,3.0,,,74.99,224.96999999999997
6494,081753810863,Glenmorangie Lasanta 750ml,Customer Square 3,Oak Hill,ACTIVE,Whiskey Scotch,,3.0,,,59.99,179.97
6505,12345000000922,Glenmorangie Quinta Ruban 50ml,Customer Square 3,Oak Hill,ACTIVE,Whiskey Scotch,,4.0,,,4.3133333333333335,17.253333333333334
6538,086767500106,Goldschlager 200ml,Customer Square 3,Oak Hill,ACTIVE,Liqueur,,3.0,,,8.99,26.97
6606,086785890036,Gracias A Dios Tobala 750ml,Customer Square 3,Oak Hill,ACTIVE,Mezcal,,3.0,,,74.99,224.96999999999997
6664,618115105086,Granada Vallet 750ml,Customer Square 3,Oak Hill,ACTIVE,Amaro,,3.0,,,33.99,101.97
6670,097985140678,Granbazan Albarino Ambar 750ml,Customer Square 3,Oak Hill,ACTIVE,White,,3.0,,,19.99,59.97
6673,3770009550000,Grand Brulot Cafe Liqueur 750ml,Customer Square 3,Oak Hill,ACTIVE,Liqueur,,3.0,,,39.99,119.97
6748,854493005246,Gregarious Grump 16yr Guyana 750ml,Customer Square 3,Oak Hill,ACTIVE,Rum,,4.0,,,152.99,611.96
6788,761503541550,Gros Nore Bandol Rose 750ml,Customer Square 3,Oak Hill,ACTIVE,Rose,,4.0,,,29.99,119.96
6802,761503723390,Guido Porro Barolo Lazzairasco 2014 750ml,Customer Square 3,Oak Hill,ACTIVE,Red Old World,,3.0,,,49.99,149.97
6817,804879609544,Gulp Hablo Verdejo 1L,Customer Square 3,Oak Hill,ACTIVE,White,,6.0,,,16.990000000000002,101.94000000000001
6835,496496496496,Gusto Historico Juan Garcia Tobaxiche Amarillo 750ml,Customer Square 3,Oak Hill,ACTIVE,Mezcal,,3.0,,,129.99,389.97
6838,469469469469,Gusto Historico Juan Vazquez Blend of 4 750ml,Customer Square 3,Oak Hill,ACTIVE,Mezcal,,3.0,,,129.99,389.97
6851,485000485485,Gusto Historico Victor Ramos Espadin Bicuixe 750ml,Customer Square 3,Oak Hill,ACTIVE,Mezcal,,5.0,,,99.99000000000001,499.95000000000005
6860,336591001318,H Bourgeois LCdMD Sancerre Blanc 750mL,Customer Square 3,Oak Hill,ACTIVE,White,,4.0,,,35.99,143.96
6865,7503007775061,Hacienda De Banuelos Masparillo 750ml,Customer Square 3,Oak Hill,ACTIVE,Mezcal,,4.0,,,89.99,359.96
6867,7503007775078,Hacienda De Banuelos Tepemete 750ml,Customer Square 3,Oak Hill,ACTIVE,Mezcal,,4.0,,,99.99,399.96
7087,792834858109,Hella Bitters Apple Blossom 5oz,Customer Square 3,Oak Hill,ACTIVE,Bitters,,6.0,,,14.99,89.94
7099,850001070102,Hella Bitters Ginger 5oz,Customer Square 3,Oak Hill,ACTIVE,Bitters,,6.0,,,14.99,89.94
7105,850001070096,Hella Bitters Orange 5oz,Customer Square 3,Oak Hill,ACTIVE,Bitters,,6.0,,,14.99,89.94
7111,850001070119,Hella Bitters Smoked Chili 5oz,Customer Square 3,Oak Hill,ACTIVE,Bitters,,6.0,,,14.99,89.94
7185,5601196010771,Henriques and Henriques Dry 5yr Madeira 750ml,Customer Square 3,Oak Hill,ACTIVE,Fortified,,5.0,,,22.990000000000002,114.95000000000002
7334,250250250,HoochHouse Pin,Customer Square 3,Oak Hill,ACTIVE,Retail,,24.0,,,3.5,84.0
7468,051497104962,Ilegal Mezcal Joven 375ml,Customer Square 3,Oak Hill,ACTIVE,Mezcal,,3.0,,,23.69,71.07000000000001
7474,051497104979,Ilegal Mezcal Reposado 375ml,Customer Square 3,Oak Hill,ACTIVE,Mezcal,,6.0,,,,
7494,8534780011670,Independence Peach Emoji Sour Cans 6 Pack,Customer Square 3,Oak Hill,ACTIVE,Craft Beer,,4.0,,,9.99,39.96
7508,851532005267,Infuse Bitters Cassia Bark 4oz,Customer Square 3,Oak Hill,ACTIVE,Bitters,,3.0,,,,
7541,857262003092,Ivy Mountain Corn Whiskey 750ml,Customer Square 3,Oak Hill,ACTIVE,Whiskey Bourbon/American,,5.0,,,51.99,259.95
7544,857262003108,Ivy Mountain Peach Brandy 750ml,Customer Square 3,Oak Hill,ACTIVE,Brandy,,4.0,,,49.99,199.96
7550,4976881502482,Iwai Mars 45 1.8L,Customer Square 3,Oak Hill,ACTIVE,Whiskey Japanese,,6.0,,,79.99,479.93999999999994
7576,748252169372,J Rieger Caffe Amaro 750ml,Customer Square 3,Oak Hill,ACTIVE,Amaro,,3.0,,,34.99,104.97
7579,748252169280,J Rieger Dry Gin 750ml,Customer Square 3,Oak Hill,ACTIVE,Gin,,3.0,,,29.99,89.97
7582,721059001977,J Wray Gold 750ml,Customer Square 3,Oak Hill,ACTIVE,Rum,,3.0,,,16.99,50.97
7625,082184003466,Jack Daniels Rye 1L,Customer Square 3,Oak Hill,ACTIVE,Whiskey Rye,,3.0,,,35.99,107.97
7642,082184002094,Jack Daniels Single Barrel Rye 750ml,Customer Square 3,Oak Hill,ACTIVE,Whiskey Rye,,5.0,,,54.99,274.95
7659,859975003031,Jack Rudy Aromatic Bitters 2oz,Customer Square 3,Oak Hill,ACTIVE,Bitters,,4.0,,,14.99,59.96
7664,859975003079,Jack Rudy Sweet Tea Syrup 500ml,Customer Square 3,Oak Hill,ACTIVE,Mixer,,4.0,,,17.99,71.96
7696,083089000185,Jagermeister Cold Brew Mini 10pk 20ml,Customer Square 3,Oak Hill,ACTIVE,Amaro,,6.0,,,,
7793,736040537175,Jelinek Amaro 750ml,Customer Square 3,Oak Hill,ACTIVE,Amaro,,3.0,,,18.99,56.97
7796,736040505372,Jelinek Fernet 750ml,Customer Square 3,Oak Hill,ACTIVE,Amaro,,4.0,,,18.99,75.96
7808,850995005845,Jeppsons Straight Bourbon 750ml,Customer Square 3,Oak Hill,ACTIVE,Whiskey Bourbon/American,,4.0,,,25.99,103.96
7957,664841000577,Joan d'Anguera Altaroses Grenache 750ml,Customer Square 3,Oak Hill,ACTIVE,Red Old World,,6.0,,,19.99,119.94
8069,3760174333034,Joy VSOP 750ml,Customer Square 3,Oak Hill,ACTIVE,Brandy,,3.0,,,39.99,119.97
8111,089540535548,Kahlua Blonde Roast 750ml,Customer Square 3,Oak Hill,ACTIVE,Liqueur,,3.0,,,24.99,74.97
8219,4589633900308,Ki No Bi Navy Gin 750ml,Customer Square 3,Oak Hill,ACTIVE,Gin,,3.0,,,81.99,245.96999999999997
8222,4589633900544,Ki No Tea Gin 750ml,Customer Square 3,Oak Hill,ACTIVE,Gin,,7.0,,,79.99,559.93
8243,080686187295,Kilbeggan Single Pot Still 750ml,Customer Square 3,Oak Hill,ACTIVE,Whiskey Irish,,4.0,,,43.70428571428572,174.81714285714287
8255,857203007820,King Floyds Black Lava 4oz,Customer Square 3,Oak Hill,ACTIVE,Garnish,,6.0,,,11.99,71.94
8261,857203007318,King Floyds Chocolate Cinn 4oz,Customer Square 3,Oak Hill,ACTIVE,Garnish,,6.0,,,11.99,71.94
8272,857203007066,King Floyds Sriracha 4oz,Customer Square 3,Oak Hill,ACTIVE,Garnish,,6.0,,,11.99,71.94
8276,09331457,King Lighter,Customer Square 3,Oak Hill,ACTIVE,Tobacco,,50.0,,,0.47572815533980584,23.78640776699029
8293,853396007180,Kings County Bourbon 750ml,Customer Square 3,Oak Hill,ACTIVE,Whiskey American Single Malt,,4.0,,,69.99,279.96
8299,853396007258,Kings County Empire Rye 750ml,Customer Square 3,Oak Hill,ACTIVE,Whiskey American Single Malt,,3.0,,,104.99000000000001,314.97
8305,853396007203,Kings County Single Malt 750ml,Customer Square 3,Oak Hill,ACTIVE,Whiskey American Single Malt,,3.0,,,69.99,209.96999999999997
8367,850009079138,Koch Ancestral Espadin Jaya 750ml,Customer Square 3,Oak Hill,ACTIVE,Mezcal,,4.0,,,99.99,399.96
8370,850009079060,Koch Arroqueno 750ml,Customer Square 3,Oak Hill,ACTIVE,Mezcal,,6.0,,,76.99,461.93999999999994
8373,850009079022,Koch Ensamble 750ml,Customer Square 3,Oak Hill,ACTIVE,Mezcal,,3.0,,,53.99,161.97
8549,040232247583,La Luna Manso Sahuayo 750ml,Customer Square 3,Oak Hill,ACTIVE,Mezcal,,3.0,,,87.74,263.21999999999997
8558,8437020611015,La Maldicion Tinto 750ml,Customer Square 3,Oak Hill,ACTIVE,Red Old World,,6.0,,,12.99,77.94
8630,613739981412,La Venenosa Raicilla Sierra Volcanes de Jalisco 200ml,Customer Square 3,Oak Hill,ACTIVE,Raicilla,,3.0,,,37.99,113.97
8659,088110140052,Lagavulin 16y 750ml,Customer Square 3,Oak Hill,ACTIVE,Whiskey Scotch,,4.0,,,99.99,399.96
8723,084848112347,Lairds Tenth Generation 750ml,Customer Square 3,Oak Hill,ACTIVE,Brandy,,7.0,,,46.99,328.93
8734,687700144666,Lalocura Pechuga 750ml,Customer Square 3,Oak Hill,ACTIVE,Mezcal,,4.0,,,174.99,699.96
8772,080686813033,Laphroaig Quarter Cask 750ml,Customer Square 3,Oak Hill,ACTIVE,Whiskey Scotch,,6.0,,,89.99000000000001,539.94
8805,3333253253,Laughing Pig Rose 750ml,Customer Square 3,Oak Hill,ACTIVE,Rose,,3.0,,,35.99,107.97
8833,084848721303,Lazzaroni Sambuca 750ml,Customer Square 3,Oak Hill,ACTIVE,Liqueur,,3.0,,,27.99,83.97
8841,3770015736030,Le Quai A Raisins Embruns 750ml,Customer Square 3,Oak Hill,ACTIVE,White,,4.0,,,28.99,115.96
8924,836137007113,Leopold Brothers Absinthe Verte 750ml,Customer Square 3,Oak Hill,ACTIVE,Absinthe,,3.0,,,72.99,218.96999999999997
8927,836137000091,Leopold Brothers Apertivo 750ml,Customer Square 3,Oak Hill,ACTIVE,Amaro,,3.0,,,37.99,113.97
8952,836137005010,Leopold Brothers Small Batch Gin 750ml,Customer Square 3,Oak Hill,ACTIVE,Gin,,3.0,,,38.99,116.97
8961,836137007083,Leopold Brothers Tart Cherry Liqueur 750ml,Customer Square 3,Oak Hill,ACTIVE,Liqueur,,3.0,,,37.693333333333335,113.08000000000001
9102,088320330007,Liquore Strega 750ml,Customer Square 3,Oak Hill,ACTIVE,Liqueur,,3.0,,,39.99,119.97
9138,085000023723,Lo-Fi Dry Vermouth 750ml,Customer Square 3,Oak Hill,ACTIVE,Fortified,,3.0,,,21.990000000000002,65.97
9216,7503027709510,Lost Irish 750ml,Customer Square 3,Oak Hill,ACTIVE,Whiskey Irish,,12.0,,,36.99,443.88
9258,1234500000142,Lucio Leather Bar Roll Up,Customer Square 3,Oak Hill,ACTIVE,Bag,,3.0,,,,
9305,096749002771,Lunazul Extra Anejo 750ml,Customer Square 3,Oak Hill,ACTIVE,Tequila,,6.0,,,42.99,257.94
9323,097985280008,Lustau Cream Sherry 750ml,Customer Square 3,Oak Hill,ACTIVE,Fortified,,6.0,,,24.99,149.94
9379,087229127718,Luxardo Limoncello 750ml,Customer Square 3,Oak Hill,ACTIVE,Liqueur,,3.0,,,27.99,83.97
9406,812066020355,Macallan 18y 750ml,Customer Square 3,Oak Hill,ACTIVE,Whiskey Scotch,,3.0,,,339.99,1019.97
9414,812066022410,Macallan Classic Cut 750ml,Customer Square 3,Oak Hill,ACTIVE,Whiskey Scotch,,3.0,,,109.99000000000001,329.97
9553,0853222006387,Malfy Gin Rosa 750ml,Customer Square 3,Oak Hill,ACTIVE,Gin,,5.0,,,32.989999999999995,164.95
9589,8032535881382,Manzone Dolcetto D'Alba Le Ciliegie 750ml,Customer Square 3,Oak Hill,ACTIVE,Red Old World,,3.0,,,17.09,51.269999999999996
9605,039815371562,Marendry Amarena Fabbri 750ml,Customer Square 3,Oak Hill,ACTIVE,Amaro,,3.0,,,25.99,77.97
9655,011034006593,Martini & Rossi Ambrato 750ml,Customer Square 3,Oak Hill,ACTIVE,Fortified,,7.0,,,26.99,188.92999999999998
9661,011034420054,Martini & Rossi Extra Dry Vermouth 750ml,Customer Square 3,Oak Hill,ACTIVE,Fortified,,3.0,,,11.99,35.97
9664,011034981159,Martini & Rossi Fiero 750ml,Customer Square 3,Oak Hill,ACTIVE,Fortified,,12.0,,,,
9691,8023952015016,MastroJanni Brunello di Montalcino 750mL,Customer Square 3,Oak Hill,ACTIVE,Red Old World,,4.0,,,63.99,255.96
9701,17351735,Match Strike Dicharry,Customer Square 3,Oak Hill,ACTIVE,Bar Tools,,4.0,,,,
9806,9781951511289,Mezcal and Tequila Cocktails,Customer Square 3,Oak Hill,ACTIVE,Books,,3.0,,,20.0,60.0
9814,024137100167,Mezcal Marca Negra San Martin,Customer Square 3,Oak Hill,ACTIVE,Mezcal,,3.0,,,86.99,260.96999999999997
10000,850015899010,Mijenta Tequila Reposado 750ml,Customer Square 3,Oak Hill,ACTIVE,Tequila,,3.0,,,68.99,206.96999999999997
10045,088004027513,Miles Gin 200ml,Customer Square 3,Oak Hill,ACTIVE,Gin,,12.0,,,2.29,27.48
10060,03400810,Miller High Life Can 32oz,Customer Square 3,Oak Hill,ACTIVE,Dom Beer,,3.0,,,2.270012610340479,6.810037831021437
10134,854474004015,Mizu Lemongrass Shochu 750ml,Customer Square 3,Oak Hill,ACTIVE,Shochu,,4.0,,,37.99,151.96
10182,083089410359,Monkey 47 Gin 375ml,Customer Square 3,Oak Hill,ACTIVE,Gin,,6.0,,,41.99,251.94
10245,898193001894,Montenegro Select Aperitivo 750ml,Customer Square 3,Oak Hill,ACTIVE,Amaro,,3.0,,,25.99,77.97
10270,87236950750,Mount Gay 1703 Port Cask 750ml,Customer Square 3,Oak Hill,ACTIVE,Rum,,3.0,,,,
10379,085000021651,New Amsterdam Peach 1.75L,Customer Square 3,Oak Hill,ACTIVE,Vodka,,6.0,,,21.990000000000002,131.94
10519,812066022915,Noble Oak Double Oak Rye 750ml,Customer Square 3,Oak Hill,ACTIVE,Whiskey Rye,,6.0,,,39.99,239.94
10534,897845002005,Nolets Dry Gin 750ml,Customer Square 3,Oak Hill,ACTIVE,Gin,,3.0,,,49.99,149.97
10563,852384002121,Novo Fogo Chameleon Cachaca 750ml,Customer Square 3,Oak Hill,ACTIVE,Cachaca,,3.0,,,35.99,107.97
10572,080925100139,Nuestra Soledad San Luis Del Rio 750ml,Customer Square 3,Oak Hill,ACTIVE,Mezcal,,4.0,,,58.99,235.96
10659,088004025540,Old Charter No. 8 750ml,Customer Square 3,Oak Hill,ACTIVE,Whiskey Bourbon/American,,5.0,,,17.99,89.94999999999999
10667,080686507406,Old Crow 750ml,Customer Square 3,Oak Hill,ACTIVE,Whiskey Bourbon/American,,4.0,,,11.99,47.96
10757,088352116907,Old Medley 12y 750ml,Customer Square 3,Oak Hill,ACTIVE,Whiskey Bourbon/American,,12.0,,,69.99,839.8799999999999
10760,89000557,Old Monk 7 year 750ml,Customer Square 3,Oak Hill,ACTIVE,Rum,,3.0,,,18.990000000000002,56.970000000000006
10802,080432108253,Olmeca Altos Plata 1.75L,Customer Square 3,Oak Hill,ACTIVE,Tequila,,6.0,,,52.99,317.94
10836,7087443278336,Ono Sotol 750ml,Customer Square 3,Oak Hill,ACTIVE,Sotol,,3.0,,,39.989999999999995,119.96999999999998
10839,860006337209,Open Face Gewurztraminer 750ml,Customer Square 3,Oak Hill,ACTIVE,White,,4.0,,,22.99,91.96
10863,8000648001539,Oscar 697 Rosso 750ml,Customer Square 3,Oak Hill,ACTIVE,Fortified,,6.0,,,,
11045,899332000242,Parts & Labor Red Blend 750ml,Customer Square 3,Oak Hill,ACTIVE,Red New World,,4.0,,,16.99,67.96
11120,021296006033,Paul Masson Brandy 200ml,Customer Square 3,Oak Hill,ACTIVE,Brandy,,24.0,,,3.9872936400541272,95.69504736129906
11149,894909000007,Paulas Texas Grapefruit 750ml,Customer Square 3,Oak Hill,ACTIVE,Liqueur,,6.0,,,19.99,119.94
11163,7503013890673,Peloton De La Muerte 1L,Customer Square 3,Oak Hill,ACTIVE,Mezcal,,5.0,,,36.99,184.95000000000002
11188,048320103209,Perlino Dry Vermouth 1L,Customer Square 3,Oak Hill,ACTIVE,Fortified,,5.0,,,6.99,34.95
11191,048320103100,Perlino Rosso Vermouth 1L,Customer Square 3,Oak Hill,ACTIVE,Fortified,,5.0,,,6.99,34.95
11197,080432291672,Pernod Anisette 750ml,Customer Square 3,Oak Hill,ACTIVE,Liqueur,,4.0,,,34.99,139.96
11275,695521121602,Pierre Ferrand Pineau Des Charentes 750ml,Customer Square 3,Oak Hill,ACTIVE,Fortified,,6.0,,,36.99,221.94
11290,87647074427,Pigs Nose Blended Scotch 1L,Customer Square 3,Oak Hill,ACTIVE,Whiskey Scotch,,3.0,,,31.99,95.97
11304,25005555000,Pinche Vote Pin,Customer Square 3,Oak Hill,ACTIVE,Retail,,6.0,,,,
11346,8437000509042,Pinol Portal 750ml,Customer Square 3,Oak Hill,ACTIVE,White,,6.0,,,16.99,101.94
11368,695521152606,Plantation Barbados XO 750ml,Customer Square 3,Oak Hill,ACTIVE,Rum,,3.0,,,53.156666666666666,159.47
11406,695521152583,Plantation Peru 2010 750ml,Customer Square 3,Oak Hill,ACTIVE,Rum,,6.0,,,54.99,329.94
11448,4567890,Poderi Cellario 750ml,Customer Square 3,Oak Hill,ACTIVE,White,,6.0,,,,
11466,8033267731365,Polvanera Verdeca Puglia 750ml,Customer Square 3,Oak Hill,ACTIVE,Orange Wine,,5.0,,,29.99,149.95
11539,609788231332,Proof & Wood Deadwood Rye 750ml,Customer Square 3,Oak Hill,ACTIVE,Whiskey Rye,,6.0,,,21.99,131.94
11577,601673815863,Proof White Peach Syrup 4oz,Customer Square 3,Oak Hill,ACTIVE,Mixer,,4.0,,,12.99,51.96
11623,860004266419,Quadrum Rose Box 3L,Customer Square 3,Oak Hill,ACTIVE,Rose,,4.0,,,16.99,67.96
11626,860004266426,Quadrum White Blend Box 3L,Customer Square 3,Oak Hill,ACTIVE,White,,4.0,,,19.875714285714285,79.50285714285714
11664,613739981535,Raicilla Bonete Costa 750ml,Customer Square 3,Oak Hill,ACTIVE,Raicilla,,4.0,,,,
11666,613739981528,Raicilla Bonete Sierra 750ml,Customer Square 3,Oak Hill,ACTIVE,Raicilla,,4.0,,,79.99,319.96
11741,665991040406,Ransom Whippersnapper 750ml,Customer Square 3,Oak Hill,ACTIVE,Whiskey Bourbon/American,,4.0,,,27.99,111.96
11817,7503008376496,Real Minero Espadin Largo 750ml,Customer Square 3,Oak Hill,ACTIVE,Mezcal,,3.0,,,129.99,389.97
11876,6906785990724,Red Star Baiju 750ml,Customer Square 3,Oak Hill,ACTIVE,Baijiu,,3.0,,,14.99,44.97
11888,080432106419,Redbreast 15y 750ml,Customer Square 3,Oak Hill,ACTIVE,Whiskey Irish,,5.0,,,119.99000000000001,599.95
11922,031259002774,Redemption Wheated Bourbon 750ml,Customer Square 3,Oak Hill,ACTIVE,Whiskey Bourbon/American,,6.0,,,44.99,269.94
11942,761503332264,Regis Bouvier Gevrey Chambertin 2013 750ml,Customer Square 3,Oak Hill,ACTIVE,Red Old World,,3.0,,,,
12032,7503018107110,Rey Campero Madre Cuishe 200ml,Customer Square 3,Oak Hill,ACTIVE,Mezcal,,8.0,,,29.99,239.92
12041,7503018107059,Rey Campero Mexicano 750ml,Customer Square 3,Oak Hill,ACTIVE,Mezcal,,3.0,,,91.99000000000001,275.97
12050,7503018107066,Rey Campero Tepextate 750ml,Customer Square 3,Oak Hill,ACTIVE,Mezcal,,3.0,,,109.99000000000001,329.97
12160,689768871314,Rhum Barbancourt 3 Star 750ml,Customer Square 3,Oak Hill,ACTIVE,Rum,,3.0,,,25.70111111111111,77.10333333333332
12185,182972000292,Rhum JM White 1L,Customer Square 3,Oak Hill,ACTIVE,Rum,,3.0,,,33.99,101.97
12304,123457,Rona Unetched Mixing Beaker,Customer Square 3,Oak Hill,ACTIVE,Bar Tools,,4.0,,,27.5,110.0
12309,862018000263,Rossville Barrel Proof 750ml,Customer Square 3,Oak Hill,ACTIVE,Whiskey Rye,,3.0,,,74.99,224.96999999999997
12312,862018000270,Rossville Rye 750ml,Customer Square 3,Oak Hill,ACTIVE,Whiskey Rye,,3.0,,,45.99,137.97
12321,9024153040486,Rothman Cherry 750ml,Customer Square 3,Oak Hill,ACTIVE,Liqueur,,3.0,,,,
12327,9024153040578,Rothman Orchard Elderberry 750ml,Customer Square 3,Oak Hill,ACTIVE,Liqueur,,4.0,,,22.99,91.96
12451,3483814000003,Saint Cosme Chateauneuf du Pape 750mL,Customer Square 3,Oak Hill,ACTIVE,Red Old World,,4.0,,,69.99,279.96
12502,787790867685,Santanera Tahona 750ml,Customer Square 3,Oak Hill,ACTIVE,Tequila,,4.0,,,,
12553,9024153090856,Scarlet Ibis 750ml,Customer Square 3,Oak Hill,ACTIVE,Rum,,4.0,,,31.990000000000002,127.96000000000001
12575,851561005108,Scrappys Black Lemon Bitters 5oz,Customer Square 3,Oak Hill,ACTIVE,Bitters,,4.0,,,17.990000000000002,71.96000000000001
12581,851561005061,Scrappys Celery Bitters 5oz,Customer Square 3,Oak Hill,ACTIVE,Bitters,,4.0,,,17.990000000000002,71.96000000000001
12594,851561005092,Scrappys Orleans Bitters 5oz,Customer Square 3,Oak Hill,ACTIVE,Bitters,,5.0,,,17.99,89.94999999999999
12597,851561005115,Scrappys Seville Orange Bitters 5oz,Customer Square 3,Oak Hill,ACTIVE,Bitters,,3.0,,,20.99,62.97
12647,700987863635,Sertodo Jigger,Customer Square 3,Oak Hill,ACTIVE,Bar Tools,,3.0,,,25.0,75.0
12663,700987863796,Sertodo Shaker Set,Customer Square 3,Oak Hill,ACTIVE,Bar Tools,,3.0,,,86.0,258.0
12823,040232684906,Silent Pool Gin 750ml,Customer Square 3,Oak Hill,ACTIVE,Gin,,3.0,,,55.99,167.97
12826,1309413094,Silver Oak Alexander Cabernet Library 750ml,Customer Square 3,Oak Hill,ACTIVE,Red New World,,6.0,,,112.99000000000001,677.94
12828,785214290750,Silver Oak Napa Cabernet Sauvignon 750ml,Customer Square 3,Oak Hill,ACTIVE,Red New World,,4.0,,,139.99,559.96
12832,7771612000162,Singani 63 750ml,Customer Square 3,Oak Hill,ACTIVE,Singani,,4.0,,,33.99,135.96
12911,9781607747321,Smugglers Cove,Customer Square 3,Oak Hill,ACTIVE,Books,,6.0,,,30.0,180.0
12944,0856972005051,Solstandet Akvavit 1L,Customer Square 3,Oak Hill,ACTIVE,Aquavit,,5.0,,,39.989999999999995,199.95
12980,7503031213089,Sotoleros Lalo Y Nando  750ml,Customer Square 3,Oak Hill,ACTIVE,Sotol,,3.0,,,94.99,284.96999999999997
12993,7503031213065,Sotoleros Romel 750ml,Customer Square 3,Oak Hill,ACTIVE,Sotol,,3.0,,,94.99000000000001,284.97
13015,636665075031,Southold Farm Basics of Life 750ml,Customer Square 3,Oak Hill,ACTIVE,Red New World,,3.0,,,23.990000000000002,71.97
13060,9781604338522,Speedy Cocktails,Customer Square 3,Oak Hill,ACTIVE,Books,,3.0,,,12.95,38.849999999999994
13244,860000128063,Standard Proof Ginger Rye 750ml,Customer Square 3,Oak Hill,ACTIVE,Whiskey Bourbon/American,,3.0,,,29.99,89.97
13382,84284284255,Super Real Rose Unfiltered 750ml,Customer Square 3,Oak Hill,ACTIVE,Rose,,4.0,,,31.99,127.96
13400,855439000721,Sweet Heat Sugar Rimmer,Customer Square 3,Oak Hill,ACTIVE,Garnish,,6.0,,,7.0,42.0
13410,9421905022101,Swick Sauvignon Blanc 750ml,Customer Square 3,Oak Hill,ACTIVE,White,,3.0,,,22.990000000000002,68.97
13439,086395405002,Takara Jun 750ml,Customer Square 3,Oak Hill,ACTIVE,Shochu,,4.0,,,18.99,75.96
13456,088110170059,Talisker 10y 750ml,Customer Square 3,Oak Hill,ACTIVE,Whiskey Scotch,,3.0,,,79.99,239.96999999999997
13532,084692300648,Taylor Fladgate Fine Tawny Port  750ml,Customer Square 3,Oak Hill,ACTIVE,Fortified,,12.0,,,,
13537,040232028762,Tears Of Llorona Extra Anejo 1L,Customer Square 3,Oak Hill,ACTIVE,Tequila,,4.0,,,264.99,1059.96
13548,813219020062,Teeling Single Grain 750ml,Customer Square 3,Oak Hill,ACTIVE,Whiskey Irish,,3.0,,,55.99,167.97
13553,720815280236,Teeling Single Malt 750ml,Customer Square 3,Oak Hill,ACTIVE,Whiskey Irish,,7.0,,,,
13571,761503534330,Tempier Bandol Blanc 750ml,Customer Square 3,Oak Hill,ACTIVE,White,,8.0,,,57.99,463.92
13618,094922370891,Tempus Fugit Vieux Pontarlier Absinthe 750ml,Customer Square 3,Oak Hill,ACTIVE,Absinthe,,3.0,,,71.99,215.96999999999997
13643,860004628750,Tequila Ocho Anejo Continental 750ml,Customer Square 3,Oak Hill,ACTIVE,Tequila,,3.0,,,89.99,269.96999999999997
13685,736040545514,Terralta Reposado 750ml,Customer Square 3,Oak Hill,ACTIVE,Tequila,,4.0,,,69.99,279.96
13693,27312731,Teutonic Jazz Odyssey 750ml,Customer Square 3,Oak Hill,ACTIVE,White,,3.0,,,18.99,56.97
13699,95378543687,Teutonic Muscat 750ml,Customer Square 3,Oak Hill,ACTIVE,White,,12.0,,,18.990000000000002,227.88000000000002
13757,9781646431199,Texas Whiskey,Customer Square 3,Oak Hill,ACTIVE,Books,,3.0,,,35.0,105.0
13772,9781984823571,The Craft of the Cocktail Revised Edition,Customer Square 3,Oak Hill,ACTIVE,Books,,3.0,,,35.0,105.0
13782,9781646430987,The Encyclopedia of Cocktails,Customer Square 3,Oak Hill,ACTIVE,Books,,3.0,,,35.0,105.0
13808,9780143124801,The Waldorf Astoria,Customer Square 3,Oak Hill,ACTIVE,Books,,3.0,,,25.0,75.0
13811,851075002013,The Whole Shebang NV Red 750ml,Customer Square 3,Oak Hill,ACTIVE,Red New World,,4.0,,,18.990000000000002,75.96000000000001
13814,857361007229,The Wiseman Bourbon 750ml,Customer Square 3,Oak Hill,ACTIVE,Whiskey Bourbon/American,,6.0,,,54.99,329.94
13836,5200363506125,Thymiopoulos Young Vines 2017 750ml,Customer Square 3,Oak Hill,ACTIVE,Red Old World,,3.0,,,,
13910,8034108030937,Tonnino Grillo 750ml,Customer Square 3,Oak Hill,ACTIVE,White,,4.0,,,12.99,51.96
13937,747301018517,Town Branch Bourbon 90p 750ml,Customer Square 3,Oak Hill,ACTIVE,Whiskey Bourbon/American,,3.0,,,,
13940,747301022712,Town Branch Rye 100p 750ml,Customer Square 3,Oak Hill,ACTIVE,Whiskey Rye,,3.0,,,49.99,149.97
13943,747301036801,Town Branch Single Malt 7y 750ml,Customer Square 3,Oak Hill,ACTIVE,Whiskey American Single Malt,,3.0,,,,
13946,747301044271,Town Branch True Cask 109.3 750ml,Customer Square 3,Oak Hill,ACTIVE,Whiskey Bourbon/American,,3.0,,,,
13955,084279971124,Trader Vic's Kona Coffee liqueur 750ml,Customer Square 3,Oak Hill,ACTIVE,Liqueur,,4.0,,,17.99,71.96
13958,084279970936,Trader Vic's Macademia Nut 750ml,Customer Square 3,Oak Hill,ACTIVE,Liqueur,,6.0,,,26.99,161.94
13991,898185001116,Treaty Oak Red Handed 750ml,Customer Square 3,Oak Hill,ACTIVE,Whiskey Bourbon/American,,5.0,,,37.99,189.95000000000002
14083,088004025984,Tuaca 750ml,Customer Square 3,Oak Hill,ACTIVE,Liqueur,,3.0,,,25.99,77.97
14269,7503018720036,Varan Coffee Mezcal Liqueur 750ml,Customer Square 3,Oak Hill,ACTIVE,Liqueur,,4.0,,,38.99,155.96
14291,3760272570065,Velier Forsythes WP 2005 750ml,Customer Square 3,Oak Hill,ACTIVE,Rum,,4.0,,,106.99,427.96
14329,728028185218,Vergnano Arancino Blood Orange Liqueur 750ml,Customer Square 3,Oak Hill,ACTIVE,Liqueur,,3.0,,,,
14347,5600260243244,Ve-Ve Vinho Verde 750ml,Customer Square 3,Oak Hill,ACTIVE,White,,6.0,,,12.99,77.94
14393,28628628622,Vinca Minor Chardonnay 750ml,Customer Square 3,Oak Hill,ACTIVE,White,,4.0,,,32.99,131.96
14399,69869869877,Vinca Minor Red Blend 750ml,Customer Square 3,Oak Hill,ACTIVE,Red New World,,4.0,,,26.990000000000002,107.96000000000001
14433,123610,Viski Citrus Grater,Customer Square 3,Oak Hill,ACTIVE,Bar Tools,,6.0,,,13.0,78.0
14458,321456,Viski Japanese Jigger .75-1.25oz Gold,Customer Square 3,Oak Hill,ACTIVE,Bar Tools,,3.0,,,14.0,42.0
14479,123623,Viski Leopold Jigger Gold,Customer Square 3,Oak Hill,ACTIVE,Bar Tools,,9.0,,,27.0,243.0
14485,876718043710,Viski Lewis Bag and Mallet,Customer Square 3,Oak Hill,ACTIVE,Bar Tools,,11.0,,,24.0,264.0
14488,876718043598,Viski Mesh Cocktail Strainer,Customer Square 3,Oak Hill,ACTIVE,Bar Tools,,4.0,,,,
14503,123629,Viski Teardrop Barspoon 40cm Copper,Customer Square 3,Oak Hill,ACTIVE,Bar Tools,,12.0,,,29.0,348.0
14639,752541007559,West 32 Soju Reserve 375ml,Customer Square 3,Oak Hill,ACTIVE,Shochu,,4.0,,,17.99,71.96
14709,9781568365756,Whisky Japan,Customer Square 3,Oak Hill,ACTIVE,Books,,4.0,,,34.949999999999996,139.79999999999998
14881,5060730060007,Wilfreds N/A Aperitif 500ml,Customer Square 3,Oak Hill,ACTIVE,Non Alcoholic Beverage,,4.0,,,39.99,159.96
14901,680203119350,Willett Pot Still Reserve 1.75L,Customer Square 3,Oak Hill,ACTIVE,Whiskey Bourbon/American,,4.0,,,89.99000000000001,359.96000000000004
15067,8697530205641,Yeni Raki 750ml,Customer Square 3,Oak Hill,ACTIVE,Liqueur,,4.0,,,26.99,107.96
15075,7503005800161,YooWe Bacanora 750ml,Customer Square 3,Oak Hill,ACTIVE,Bacanora,,5.0,,,64.99,324.95
15097,890004001017,Yzaguirre Rojo 1L,Customer Square 3,Oak Hill,ACTIVE,Fortified,,4.0,,,19.990000000000002,79.96000000000001
