ProductName,Category,Pleasant Valley,Warehouse
1792 Full Proof 750ml,Whiskey Bourbon/American,0.0,1.0
1792 Small Batch Bourbon 1L,Whiskey Bourbon/American,0.0,26.0
1876 Vodka 1L,Vodka,0.0,52.0
2 Gingers Irish Whiskey 750ml,Whiskey Irish,-1.0,36.0
21 Seeds Cucumber Jalapeno Tequila 750ml,Tequila,0.0,3.0
4 Copas Reposado 750ml,Tequila,-1.0,4.0
512 IPA 6pk Bottles,Craft Beer,0.0,20.0
512 IPA 6pk Cans,Craft Beer,0.0,16.0
512 Juicy IPA 6pk cans,Craft Beer,0.0,24.0
6 O'clock Sloe Gin 750ml,Gin,0.0,28.0
ATXA Dry Vermouth 750ml,Fortified,-1.0,7.0
Abraham Bowman Pioneer Spirit 750ml,Whiskey Bourbon/American,-1.0,1.0
Absolut Apeach 1L,Vodka,-1.0,24.0
Absolut Grapefruit 750ml,Vodka,-1.0,3.0
Absolut Pears 1L,Vodka,-1.0,1.0
Absolut Raspberri 1L,Vodka,-1.0,12.0
Absolut Vodka 1L,Vodka,0.0,41.0
Absolut Watermelon 1L,Vodka,-1.0,12.0
Acqua Panna  Cs 12 x 1L,Non Alcoholic Beverage,-1.0,10.0
Adnams Rye Malt 750ml,Whisky English,0.0,1.0
Adnams Single Malt 750ml,Whisky English,0.0,1.0
Adult Madlibs Ode to Alcohol,Books,-1.0,10.0
Agave De Cortes Espadin Joven 750ml,Mezcal,-1.0,10.0
Agave De Cortes Espadin Reposado 750ml,Mezcal,-1.0,14.0
Akashi Single Malt 750ml,Whiskey Japanese,0.0,6.0
Akashi Single Malt Sake Cask 5 yr 750ml,Whiskey Japanese,-1.0,2.0
Alberta Cask Strength Rye 750ml,Whiskey Canadian,0.0,12.0
Alipus Aniversario XX San Miguel 750ml,Mezcal,-1.0,1.0
Alipus Ensamble San Andres 750ml,Mezcal,0.0,36.0
Alkkemist Gin 750ml,Gin,0.0,11.0
Altesino Grappa Di Brunello 750ml,Grappa,0.0,2.0
Amargo Chuncho Bitters 75ml,Bitters,0.0,4.0
Amaro Dell Etna 1L,Amaro,0.0,4.0
Amarula Cream 1L,Liqueur,0.0,28.0
Amass Dry Gin 750ml,Gin,-1.0,25.0
Amass Vodka 750ml,Vodka,0.0,22.0
Amico Amaro 750ml,Amaro,0.0,13.0
Amrut Bagheera 750ml,Itnl Whiskey,-1.0,3.0
Amrut Niedhal 750ml,Itnl Whiskey,-1.0,6.0
Amrut Nilgiris Gin 750ml,Gin,-1.0,6.0
Ancient Age Kentucky Straight Bourbon 1L,Whiskey Bourbon/American,0.0,23.0
Ancnoc 12y 750ml,Whiskey Scotch,-1.0,7.0
Ancnoc 18y 750ml,Whiskey Scotch,-1.0,2.0
Angels Envy Ice Cider Cask Rye 750ml,Whiskey Rye,-1.0,1.0
Aperol 1L,Amaro,0.0,170.0
Appleton Estate 15y Black River Casks 750ml,Rum,0.0,17.0
Appleton Estate 1999 750ml,Rum,0.0,1.0
Appleton Estate Signature Blend 1.75L,Rum,-1.0,37.0
Appleton Estate Signature Blend 1L,Rum,0.0,1.0
Ardbeg Ardcore 750ml,Whiskey Scotch,-1.0,5.0
Ardbeg Arrrrrrrdbeg 750ml,Whiskey Scotch,0.0,1.0
Ardbeg Wee Beastie 750ml,Whiskey Scotch,0.0,7.0
ArteNom 1123 Blanco Historico 750ml,Tequila,0.0,7.0
Athletic Run Wild IPA N/A 6 Pack Cans,Non Alcoholic Beverage,-1.0,20.0
Athletic Upside Dawn 6pk,Non Alcoholic Beverage,-1.0,12.0
Austin Beerworks Amber Vision 6 pk cans,Craft Beer,-1.0,12.0
Austin Cocktails Sparkling Bergamot Orange Margarita 4/250ml,RTD,-1.0,12.0
Austin Cocktails Sparkling Cucumber Mojito 4/250ml,RTD,-1.0,6.0
Austin Cocktails Sparkling Ruby Red 4/250ml,RTD,-1.0,12.0
Averna Amaro 1L,Amaro,0.0,20.0
Avion Anejo 1L,Tequila,0.0,4.0
Avion Reserva Cristalino 750ml,Tequila,-1.0,2.0
Awayuki Strawberry Gin 750ml,Gin,0.0,4.0
B'Lure Butterfly Pea Extract 100ml,Garnish,0.0,18.0
BRYT Sparkling White 3pk 250ml,White,-1.0,16.0
BSB Brown Sugar Bourbon 750ml,Whiskey Bourbon/American,-1.0,5.0
Bacardi Anejo 4 Year 1L,Rum,0.0,11.0
Bacardi Anejo 4 Year 750ml,Rum,0.0,6.0
Bacardi Black 1L,Rum,0.0,12.0
Bacardi Dragonberry 1L,Rum,0.0,13.0
Bacardi Gold Rum 175L,Rum,-1.0,10.0
Bacardi Lime 1L,Rum,-1.0,12.0
Bacardi Mojito 6pk,RTD,-1.0,4.0
Bacardi Superior 175L,Rum,-1.0,14.0
Baileys 1L,Liqueur,0.0,37.0
Baileys Almande 750ml,Liqueur,-1.0,16.0
Balblair 12y 750ml,Whiskey Scotch,-1.0,4.0
Balcones Big Baby Tequila Cask 750ml,Whiskey Bourbon/American,0.0,2.0
Balcones Peated Single Malt 750ml,Whiskey American Single Malt,0.0,4.0
Balcones Rye 100 750ml,Whiskey Rye,0.0,34.0
Balcones True Blue 100 Proof 750ml,Whiskey Bourbon/American,0.0,3.0
Balvenie 15y Sherry Cask 750ml,Whiskey Scotch,0.0,5.0
Balvenie 16y French Oak 750ml,Whiskey Scotch,-1.0,5.0
Banner Vodka 750ml,Vodka,0.0,4.0
Barbadillo Manzanilla Sherry 750mL,Fortified,-1.0,23.0
Bardstown Bourbon Company Discovery 750ml,Whiskey Bourbon/American,0.0,12.0
Bardstown Bourbon Company Ferrand Cask 750ml,Whiskey Bourbon/American,0.0,2.0
Bare Bone Vodka 1L,Vodka,0.0,32.0
Bareksten Aquavit 750ml,Aquavit,-1.0,5.0
Bareksten Gin 750ml,Gin,0.0,11.0
Barrell Armida 750ml,Whiskey Bourbon/American,0.0,5.0
Barrell Bourbon 29 750ml,Whiskey Bourbon/American,0.0,1.0
Barsol Pisco Quebranta 750ml,Pisco,0.0,5.0
Basil Hayden Bourbon 1L,Whiskey Bourbon/American,0.0,1.0
Basil Hayden Rye 10y 750ml,Whiskey Bourbon/American,0.0,3.0
Basil Hayden Toast 750ml,Whiskey Bourbon/American,0.0,12.0
Bayou Rum White 1L,Rum,-1.0,10.0
Belle de Brillet Pear Liqueur 750ml,Liqueur,0.0,10.0
Belvedere 175L,Vodka,-1.0,6.0
Belvedere Night Saber 175L,Vodka,-1.0,6.0
Belvedere Single Estate Smogory Forest 1L,Vodka,0.0,22.0
Ben Milam Bourbon 750ml,Whiskey Bourbon/American,0.0,3.0
Benchmark Bonded 750ml,Whiskey Bourbon/American,0.0,6.0
Benchmark Full Proof 750ml,Whiskey Bourbon/American,-1.0,2.0
Benchmark Top Floor 750ml,Whiskey Bourbon/American,-1.0,3.0
Bendt Bourbon Cream 750ml,Liqueur,-1.0,23.0
Bendt No5 Blended 750ml,Whiskey Bourbon/American,0.0,18.0
Benhams Barrel Finished Gin 750ml,Gin,0.0,5.0
Bev Rose Wine 4pk 250ml,White,-1.0,12.0
Bib & Tucker 6 year 750ml,Whiskey Bourbon/American,-1.0,3.0
Bimber Apogee 750ml,Whisky English,-1.0,6.0
Bimber Single Malt Ex-Bourbon Casks 750ml,Whisky English,-1.0,6.0
Bimber Single Malt USA Edition 750ml,Whisky English,-1.0,6.0
Bittermens Commonwealth 375ml,Amaro,0.0,18.0
Bittermens Transatlantic 5oz,Bitters,0.0,48.0
Black Beverage Napkins Case,Other,0.0,5.0
Black Eye Vodka 750ml,Vodka,0.0,5.0
Black Maple Hill Rye 750ml,Whiskey Rye,0.0,3.0
Blackadder Finest Fiji 9y 750ml,Rum,-1.0,2.0
Blade and Bow 750ml,Whiskey Bourbon/American,0.0,8.0
Blantons Bourbon 750ml,Whiskey Bourbon/American,0.0,3.0
Blantons Bourbon Gold Edition 750ml,Whiskey Bourbon/American,0.0,1.0
Blind Tiger Imperial Secrets 750ml,Gin,-1.0,4.0
Blind Tiger Piper Cubeba 750ml,Gin,-1.0,6.0
Blue Chair Bay Banana Rum 1L,Rum,-1.0,24.0
Blue Chair Bay Banana Rum Cream 750ml,Rum,-1.0,67.0
Blue Chair Bay Coconut 750ml,Rum,-1.0,84.0
Blue Chair Bay Pineapple Rum Cream 750ml,Rum,-1.0,61.0
Blue Moon 15 Pack,Dom Beer,-1.0,5.0
Blue Run Reflection Bourbon 750ml,Whiskey Bourbon/American,-1.0,5.0
Blue Spot 7y 750ml,Whiskey Irish,0.0,4.0
Bluecoat Gin 1L,Gin,0.0,14.0
Bobbys Dry Gin 750ml,Gin,0.0,4.0
Bols Blue Curacao 1L,Liqueur,0.0,1.0
Bols Butter Scotch Schnapps 1L,Liqueur,0.0,6.0
Bols Creme de Cassis 1L,Liqueur,0.0,5.0
Bols Creme de Menthe Green 1L,Liqueur,0.0,47.0
Bols Elderflower 750ml,Liqueur,-1.0,6.0
Bols Genever 1L,Gin,0.0,16.0
Bols Peach Schnapps 1L,Liqueur,0.0,2.0
Bols Sour Apple 1L,Liqueur,0.0,5.0
Bols Watermelon 1L,Liqueur,0.0,12.0
Bombay Bramble 1L,Gin,0.0,18.0
Bombay Dry Gin 1L,Gin,0.0,35.0
Bombay Sapphire 1L,Gin,0.0,25.0
Bombay Sapphire East 1L,Gin,0.0,9.0
Bombergers Declaration 2022 750ml,Whiskey Bourbon/American,0.0,3.0
Boodles Gin 1L,Gin,0.0,7.0
Bookers Bourbon 750ml,Whiskey Bourbon/American,0.0,10.0
Bosscal Conejo 750ml,Mezcal,-1.0,3.0
Bosscal Joven 750ml,Mezcal,-1.0,6.0
Bota Box Cabernet Sauvignon 3L,Red New World,0.0,21.0
Bota Box Dry Rose 3L,Rose,-1.0,18.0
Bota Box Pinot Grigio 3L,White,0.0,18.0
Bounty Gold Rum 1L,Rum,-1.0,24.0
Bowmore 21y Aston Martin Edition 750ml,Whiskey Scotch,-1.0,2.0
Bozal Cenizo 750ml,Mezcal,0.0,1.0
Bozal Sacatoro 750ml,Mezcal,-1.0,1.0
Branca Menta 375ml,Amaro,0.0,10.0
Breckenridge Port Cask 750ml,Whiskey Bourbon/American,0.0,3.0
Bruichladdich Black Art 9.1 750ml,Whiskey Scotch,-1.0,3.0
Bruichladdich Octomore 12.1 750ml,Whiskey Scotch,-1.0,1.0
Bruichladdich Octomore 12.2 750ml,Whiskey Scotch,-1.0,2.0
Bruichladdich Port Charlotte Pac 01 2011 750ml,Whiskey Scotch,-1.0,4.0
Brush Creek Bourbon 750ml,Whiskey Bourbon/American,0.0,17.0
Brush Creek Vodka 750ml,Vodka,0.0,10.0
Buchanans 12y 1L,Whiskey Scotch,-1.0,9.0
Bud Light Cans 24 Pack,Dom Beer,-1.0,5.0
Budweiser Bottles 6 Pack,Dom Beer,0.0,36.0
Buenbicho Espadin 750ml,Mezcal,-1.0,7.0
Buffalo Trace Kosher Rye Recipe 750ml,Whiskey Bourbon/American,0.0,4.0
Buffalo Trace Kosher Wheat Recipe 750ml,Whiskey Bourbon/American,0.0,2.0
Bumbu XO 750ml,Rum,0.0,3.0
Bunnahabhain Stiuireadair 750ml,Whiskey Scotch,-1.0,2.0
Bushmills Black 1L,Whiskey Irish,0.0,19.0
Caballito Cerrero Reposado 46 Azul 750ml,Mezcal,-1.0,4.0
Caballito Cerrero Reposado 46 Chato 750ml,Mezcal,-1.0,2.0
Cabrito Blanco 1L,Tequila,0.0,30.0
Cabrito Reposado 1L,Tequila,0.0,30.0
Caffo Amaretto Fratelli d'Italia 750ml,Liqueur,0.0,8.0
Caffo Grappa Italiana 750ml,Grappa,-1.0,15.0
Caffo Sambuca Secolare 750ml,Liqueur,-1.0,2.0
Calamity Gin 750ml,Gin,0.0,6.0
Calirosa Anejo 750ml,Tequila,-1.0,16.0
Calirosa Extra Anejo 750ml,Tequila,-1.0,4.0
Calirosa Rosa Blanco 750ml,Tequila,-1.0,32.0
Calypso Spiced Rum 1L,Rum,0.0,12.0
Camarena Blanco 1L,Tequila,-1.0,3.0
Camarena Silver 750ml,Tequila,0.0,2.0
Campari 1L,Amaro,0.0,42.0
Campo Bravo 1L,Tequila,0.0,22.0
Campo Bravo Reposado 1L,Tequila,-1.0,36.0
Captain Morgan 1L,Rum,0.0,30.0
Captain Morgan Black 1L,Rum,-1.0,35.0
Captain Morgan Coconut 1L,Rum,-1.0,12.0
Captain Morgan White 1L,Rum,0.0,14.0
Carbon County Vodka 1L,Vodka,0.0,33.0
Caribou Crossing Whisky 750ml,Whiskey Canadian,0.0,2.0
Carolans Cold Brew 750ml,Liqueur,-1.0,8.0
Carolans Irish Creem 1L,Liqueur,0.0,23.0
Carpano Classico Rosso 1L,Fortified,0.0,8.0
Casa Del Sol Anejo 750ml,Tequila,-1.0,3.0
Casa Del Sol Blanco 750ml,Tequila,-1.0,1.0
Casa Del Sol Reposado 750ml,Tequila,-1.0,2.0
Casa Dragones Anejo 750ml,Tequila,0.0,3.0
Casa Dragones Blanco 750ml,Tequila,0.0,11.0
Casa Dragones Joven 750ml,Tequila,0.0,7.0
Casa Magdalena Rum 750ml,Rum,0.0,19.0
Casa Noble Joven 750ml,Tequila,0.0,6.0
Casa Noble Marques Anejo 750ml,Tequila,-1.0,4.0
Casa Noble Reposado 750ml,Tequila,0.0,7.0
Casamigos Anejo 1L,Tequila,0.0,8.0
Casamigos Anejo 750ml,Tequila,-1.0,1.0
Casamigos Blanco 175L,Tequila,0.0,24.0
Casamigos Blanco 1L,Tequila,0.0,12.0
Casamigos Mezcal Joven 1L,Mezcal,0.0,13.0
Casamigos Reposado 175L,Tequila,-1.0,18.0
Cascahuin Anejo 750ml,Tequila,0.0,1.0
Cascahuin Cerro De Luz 750ml,Tequila,-1.0,2.0
Cascahuin Tahona 750ml,Tequila,0.0,3.0
Castle and Key Rise Gin 750ml,Gin,0.0,12.0
Castle and Key Roots of Ruin Dry Gin 750ml,Gin,0.0,13.0
Castle and Key Small Batch Bourbon 750ml,Whiskey Bourbon/American,0.0,17.0
Cazadores Reposado 175L,Tequila,0.0,12.0
Cazadores Spicy Margarita 4pk,RTD,0.0,6.0
Cazcanes No.10 Still Strength Blanco 750ml,Tequila,0.0,13.0
Cazcanes No.7 Blanco 750ml,Tequila,0.0,10.0
Cazcanes No.9 Blanco 750ml,Tequila,0.0,10.0
Cazcanes No.9 Joven 750ml,Tequila,0.0,4.0
Cenote Blanco 750ml,Tequila,-1.0,5.0
Chairmans Reserve 1931 750ml,Rum,-1.0,3.0
Chambord 750ml,Liqueur,0.0,1.0
Chamucos Blanco Diablo 110 750ml,Tequila,-1.0,2.0
Chandon Brut 750ml,Bubbles,0.0,24.0
Chandon Garden Spritz 750ml,Bubbles,0.0,15.0
Charbay Green Tea Vodka 1L,Vodka,-1.0,7.0
Chicken Cock Bourbon 750ml,Whiskey Bourbon/American,-1.0,1.0
Chicken Cock Rye 750ml,Whiskey Rye,-1.0,1.0
Chivas Regal 12yr 1L,Whiskey Scotch,0.0,13.0
Chivas Regal 18y 750ml,Whiskey Scotch,0.0,4.0
Chopin Family Reserve Vodka 750ml,Vodka,0.0,10.0
Chopin Rye Vodka 1L,Vodka,-1.0,30.0
Cimarron Reposado 1L,Tequila,0.0,64.0
Cinco Sentidos Azul 750ml,Mezcal,0.0,1.0
Cinco Sentidos Espadin-Tobaziche 750ml,Mezcal,0.0,2.0
Cinco Sentidos Pechuga de Azul 750ml,Mezcal,0.0,2.0
Cinco Sentidos Tobala 750ml,Mezcal,0.0,2.0
Cincoro Anejo 750ml,Tequila,0.0,4.0
Cincoro Reposado 750ml,Tequila,0.0,20.0
Cinzano Prosecco 750ml,Bubbles,0.0,4.0
Cinzano Rosso Vermouth 1L,Fortified,0.0,26.0
Ciroc Mango 750ml,Vodka,0.0,12.0
Ciroc Vodka 750ml,Vodka,0.0,27.0
Clairin Rum Casimir 750ml,Rum,0.0,2.0
Clairin Saint Benevolence 750ml,Rum,-1.0,6.0
Clase Azul Anejo 750ml,Tequila,0.0,3.0
Clase Azul Gold 750ml,Tequila,0.0,2.0
Clase Azul Mezcal Guerrero 750ml,Mezcal,0.0,7.0
Clase Azul Ultra 750ml,Tequila,0.0,5.0
Clement Coconut 750ml,Rum,0.0,43.0
Clement Rhum Blanc Agricole 750ml,Rum,0.0,29.0
CoCo Rum Original 4 Pack,RTD,-1.0,12.0
CoCo Vodka Lime 4 Pack,RTD,-1.0,12.0
CoCo Vodka Original 4 Pack,RTD,-1.0,12.0
CoCo Vodka Pineapple 4 Pack,RTD,-1.0,12.0
Cocchi Barolo Chinato 500ml,Fortified,0.0,23.0
Cocchi Di Torino 750ml,Fortified,0.0,44.0
Cointreau 750ml,Liqueur,0.0,1.0
Cointreau Noir 750ml,Liqueur,-1.0,3.0
Colimita Lager 12oz 6pack,Dom Beer,-1.0,8.0
Combier Abricot 750ml,Liqueur,0.0,9.0
Combier Banane 750ml,Liqueur,0.0,14.0
Combier Peche De Vigne 750ml,Liqueur,-1.0,5.0
Comisario Anejo 750ml,Tequila,0.0,6.0
Contraluz Cristalino 750ml,Tequila,-1.0,6.0
Contratto Bitter 1L,Amaro,0.0,11.0
Coors Light Bottles 6 Pack,Dom Beer,0.0,32.0
Coors Light Cans 24 Pack,Dom Beer,-1.0,10.0
Copper & Kings American Brandy 750ml,Brandy,0.0,4.0
Copper Dog Blended Malt 750ml,Whiskey Scotch,0.0,3.0
Corazon Anejo 750ml,Tequila,0.0,1.0
Corralejo Blanco 1L,Tequila,-1.0,6.0
Cortina Rocks 10.5oz,Glassware,0.0,72.0
Creador Barril 750ml,Mezcal,-1.0,13.0
Creador Espadin 750ml,Mezcal,0.0,12.0
Creador Jabali 750ml,Mezcal,-1.0,12.0
Creador Lumbre 750ml,Mezcal,0.0,9.0
Creador Mexican + Espadin 750ml,Mezcal,0.0,15.0
Creador Mexicano 750ml,Mezcal,-1.0,12.0
Cream of Kentucky Single Barrel 750ml,Whiskey Bourbon/American,0.0,1.0
Crown Apple 1L,Whiskey Canadian,0.0,12.0
Crown Royal 750ml,Whiskey Canadian,0.0,3.0
Crown Royal Vanilla 375ml,Whiskey Canadian,-1.0,19.0
Crown Vanilla 1L,Whiskey Canadian,0.0,9.0
Crude Bitterless Marriage 4oz,Bitters,0.0,10.0
Cruzan Aged Rum Dark 1L,Rum,0.0,12.0
Cruzan Hurricane Proof Aged Rum 1L,Rum,-1.0,36.0
Cruzan Single Barrel 750ml,Rum,-1.0,6.0
Cuentacuentos Papalote T. Gutierrez 750mL,Mezcal,-1.0,6.0
Cuentacuentos Tepeztate E. Garcia 750mL,Mezcal,-1.0,6.0
Curado Tequila Agave Azul 750ml,Tequila,-1.0,6.0
Curado Tequila Cupreata 750ml,Tequila,-1.0,6.0
Curado Tequila Espadin 750ml,Tequila,-1.0,15.0
DEHY Apple 350g,Garnish,-1.0,5.0
DEHY Blood Orange 550g,Garnish,-1.0,6.0
DEHY Dragonfruit 390g,Garnish,-1.0,12.0
DEHY Grapefruit 550g,Garnish,-1.0,10.0
DEHY Lavender 300ct,Garnish,-1.0,7.0
DEHY Lemon 550g,Garnish,-1.0,3.0
DEHY Lime 550g,Garnish,-1.0,6.0
DEHY Orange 650g,Garnish,0.0,3.0
DEHY Pear 675g,Garnish,-1.0,7.0
DEHY Pineapple Half Cut 440g,Garnish,-1.0,6.0
DEK Blue Curacao 1L,Liqueur,-1.0,48.0
DEK Blue Curacao 750ml,Liqueur,-1.0,39.0
DEK Creme De Cacao Dark 1L,Liqueur,-1.0,100.0
DEK Creme De Cacao White 1L,Liqueur,-1.0,34.0
DEK Creme De Menthe 1L,Liqueur,-1.0,22.0
DEK Melon 1L,Liqueur,-1.0,10.0
DEK Triple Sec 1.75L,Liqueur,-1.0,21.0
Dads Hat Rye Port Finish 750ml,Whiskey Rye,-1.0,5.0
Dakabend Mexican Rum 1L,Rum,0.0,25.0
Dalwhinnie Distillers Edition 750ml,Whiskey Scotch,0.0,3.0
Dank Vodka 750ml,Vodka,0.0,6.0
Dashfire Old Fashioned Bitters 100ml,Bitters,0.0,9.0
Deep Eddy Cranberry 1L,Vodka,0.0,31.0
Deep Eddy Lemon 1L,Vodka,0.0,85.0
Deep Eddy Lime 1L,Vodka,0.0,37.0
Deep Eddy Orange 1L,Vodka,0.0,16.0
Deep Eddy Sweet Tea 1L,Vodka,0.0,10.0
Deep Eddy Vodka 1L,Vodka,0.0,56.0
Del Bac Old Pueblo 750ml,Whiskey American Single Malt,-1.0,4.0
Del Maguey Madrecuixe 750ml,Mezcal,0.0,3.0
Del Maguey San Jose Rio Minas 750ml,Mezcal,0.0,4.0
Deleon Blanco 750ml,Tequila,0.0,5.0
Denizen Merchant Reserve Rum 750ml,Rum,0.0,18.0
Diaz Brothers Espadin 750ml,Mezcal,0.0,4.0
Dickel Austin Shaker Single Barrel 15y #1570 750ml,Whiskey Bourbon/American,-1.0,24.0
Dickel Bonded 13y 2007 750ml,Whiskey Bourbon/American,0.0,8.0
Dickel No 12 1L,Whiskey Bourbon/American,0.0,6.0
Dickel Single Barrel 15y 750ml,Whiskey Bourbon/American,0.0,9.0
Diesel Grain Alcohol 1L,Vodka,0.0,391.0
Dirty Sue Blue Cheese Stuffed Olives 25oz,Garnish,-1.0,77.0
Dirty Sue Jalapeno Stuffed Olives 25oz,Garnish,-1.0,36.0
Dirty Sue Jumbo Cocktail Onions 25oz,Garnish,-1.0,31.0
Dirty Sue Pimento Stuffed Olives 80oz,Garnish,-1.0,62.0
Dirty Sue Whiskey Cherries 25oz,Garnish,-1.0,23.0
Doc Swinson Alter Ego 750ml,Whiskey Bourbon/American,0.0,4.0
Doc Swinson Blenders Cut 750ml,Whiskey Bourbon/American,-1.0,23.0
Doers Vodka 1L,Vodka,-1.0,6.0
Dom Benedictine 750ml,Liqueur,0.0,8.0
Don Amado Arroqueno 750ml,Mezcal,0.0,1.0
Don Ciccio & Figli Amaro Tonico Ferro-Kina 750ml,Liqueur,-1.0,9.0
Don Ciccio Cerasum Aperitivo 750ml,Amaro,0.0,6.0
Don Ciccio Luna Aperitivo 750ml,Amaro,0.0,2.0
Don Fulano Anejo 750ml,Tequila,-1.0,11.0
Don Fulano Blanco 100 proof 750ml,Tequila,-1.0,13.0
Don Fulano Blanco 80 proof 750ml,Tequila,-1.0,17.0
Don Fulano Extra Anejo 750ml,Tequila,0.0,5.0
Don Fulano Reposado 750ml,Tequila,-1.0,5.0
Don Julio 1942 175L,Tequila,0.0,6.0
Don Julio 1942 Primavera 750ml,Tequila,0.0,5.0
Don Q Coconut 1L,Liqueur,-1.0,8.0
Don Q Cristal 1.75L,Rum,-1.0,21.0
Don Q Cristal 1L,Rum,-1.0,31.0
Don Q Gold 1L,Rum,-1.0,18.0
Don Q Oak Barrel Spiced 750ml,Rum,0.0,7.0
Don Q Reserva 7y 1L,Rum,-1.0,2.0
Dos Equis 12oz Can 24Pack,Imp Beer,0.0,8.0
Dos Equis 12oz Can Lime and Salt 12Pack,Imp Beer,-1.0,8.0
Dos Equis 12oz Can Variety 12Pack,Imp Beer,-1.0,6.0
Dos Equis Ranch Water Variety 12 Pack,RTD,-1.0,2.0
Dr  Adams Bokers Bitters 100ml,Bitters,0.0,5.0
Drambuie 1L,Liqueur,0.0,8.0
Dripping Springs Vodka 1L,Vodka,0.0,86.0
Drouin Calvados 80 750ml,Calvados,-1.0,26.0
Drumshanbo Gunpowder Irish Gin 175L,Gin,-1.0,29.0
Drumshanbo Gunpowder Irish Gin 1L,Gin,-1.0,6.0
Dulce Vida Anejo 750ml,Tequila,0.0,6.0
Dulce Vida Blanco 1.75L,Tequila,-1.0,11.0
Dulce Vida Blanco 100 Proof 750ml,Tequila,0.0,28.0
Dulce Vida Lime 750ml,Tequila,-1.0,10.0
Dulce Vida Pineapple Jalapeno 750ml,Tequila,0.0,53.0
Dulce Vida Reposado 750ml,Tequila,0.0,23.0
E & J VS Brandy 1L,Brandy,-1.0,16.0
EH Taylor Barrel Proof 750ml,Whiskey Bourbon/American,0.0,1.0
EH Taylor Four Grain 750ml,Whiskey Bourbon/American,-1.0,2.0
EH Taylor Single Barrel 750ml,Whiskey Bourbon/American,0.0,5.0
Eagle Rare 10y 1.75L,Whiskey Bourbon/American,0.0,3.0
Eagle Rare 10y 750ml,Whiskey Bourbon/American,0.0,9.0
Eagle Rare 10y Peche Barrel 750ml,Whiskey Bourbon/American,0.0,42.0
Eagle Rare 10y Shaker Barrel 1.75L,Whiskey Bourbon/American,0.0,2.0
Eagle Rare 10y Shaker Barrel 750ml,Whiskey Bourbon/American,0.0,4.0
Early Times Bonded 1L,Whiskey Bourbon/American,0.0,7.0
Edinburgh Elderflower 750ml,Liqueur,0.0,12.0
Edinburgh Rhubarb and Ginger 750ml,Liqueur,0.0,8.0
Effen Cucumber 1L,Gin,0.0,25.0
Eifel Whisky German Rye 750ml,Itnl Whiskey,0.0,12.0
El Bandido Blanco 750ml,Tequila,0.0,4.0
El Buho Especial 750ml,Mezcal,0.0,12.0
El Dorado 3y White 1L,Rum,0.0,61.0
El Dorado Cask Strength Enmore 750ml,Rum,0.0,1.0
El Dorado Cask Strength Port Mourant 750ml,Rum,0.0,2.0
El Dorado Cask Strength Versailles 750ml,Rum,0.0,3.0
El Guapo Barrel Aged Vanilla 2oz,Bitters,0.0,5.0
El Guapo Chicory Pecan Bitters 100ml,Bitters,0.0,19.0
El Jolgorio Cuixe 750ml,Mezcal,0.0,1.0
El Jolgorio Sierrudo 750ml,Mezcal,0.0,1.0
El Jolgorio Todos Santos Tobala 750ml,Mezcal,-1.0,1.0
El Sativo Anejo 750ml,Tequila,-1.0,3.0
El Sativo Blanco 750ml,Tequila,-1.0,4.0
El Sativo Reposado 750ml,Tequila,-1.0,4.0
El Silencio Espadin 750ml,Mezcal,0.0,47.0
El Tequileno Blanco 1L,Tequila,-1.0,24.0
El Tesoro Paradiso Extra Anejo 750ml,Tequila,0.0,5.0
El Tesoro Reposado De Nada Barrel 750ml,Tequila,-1.0,24.0
El Tesoro Reposado Nickel City Barrel 750ml,Tequila,0.0,24.0
El Toro Gold 1L,Tequila,0.0,17.0
Elena Gin 750ml,Gin,0.0,10.0
Elenita Passionfruit Paloma 4 Pack,RTD,0.0,11.0
Elenita Strawberry Mule 4 Pack,RTD,0.0,96.0
Elijah Craig 18y 750ml,Whiskey Bourbon/American,0.0,9.0
Elijah Craig Barrel Lambert's 6234359 750ml,Whiskey Bourbon/American,-1.0,24.0
Elijah Craig Barrel Proof 750ml,Whiskey Bourbon/American,0.0,38.0
Elijah Craig Toasted Barrel 750ml,Whiskey Bourbon/American,0.0,6.0
Ellington Farms Pineapple Juice 46oz,Non Alcoholic Beverage,-1.0,120.0
Elmer T Lee 100 year 750ml,Whiskey Bourbon/American,0.0,1.0
Empress 1908 Gin 1L,Gin,-1.0,11.0
Engine Gin 750ml,Gin,0.0,9.0
Epic Western Chispa Rita 12oz 4pk,RTD,-1.0,12.0
Epic Western La Paloma 12oz 4pk,RTD,-1.0,12.0
Espina Negra Espadin 750ml,Mezcal,0.0,1.0
Espolon Reposado 1L,Tequila,0.0,17.0
Estrella Damm Bottle 24pk/cs,Craft Beer,-1.0,9.0
Exotico Blanco 1L,Tequila,0.0,123.0
FEW Bourbon Whiskey 750ml,Whiskey Bourbon/American,0.0,1.0
Faire La Fete Brut 750ml,Bubbles,0.0,9.0
Fee Brothers Aromatic Bitters 5oz,Bitters,0.0,11.0
Fee Brothers Bokers Cardamom Bitters 5oz,Bitters,0.0,28.0
Fee Brothers Gin Barrel Orange Bitters 5oz,Bitters,0.0,40.0
Fee Brothers Toasted Almond Bitters 5oz,Bitters,0.0,7.0
Ferdinands Saar Dry Gin 750ml,Gin,-1.0,11.0
Fernet Branca 750ml,Amaro,0.0,618.0
Fever Tree Aromatic Tonic 4 Pack,Non Alcoholic Beverage,0.0,6.0
Fever Tree Club Soda 500ml,Non Alcoholic Beverage,-1.0,144.0
Fever Tree Ginger Ale 500ml,Non Alcoholic Beverage,-1.0,72.0
Fever Tree Indian Tonic 500ml,Non Alcoholic Beverage,0.0,9.0
Fever Tree Pink Grapefruit 500ml,Non Alcoholic Beverage,-1.0,24.0
Fidencio Mezcal Ensamble 750ml,Mezcal,0.0,2.0
Fidencio Mezcal Pechuga 750ml,Mezcal,0.0,2.0
Fidencio Mezcal Tepextate 750ml,Mezcal,0.0,2.0
Fidencio Tobala 750ml,Mezcal,0.0,8.0
Field Trip Iced Tea Lemonade 12oz 4pk,RTD,-1.0,12.0
Field Trip Lime Lemonade 12oz 4pk,RTD,-1.0,30.0
Field Trip Strawberry Lemonade 12oz 4pk,RTD,-1.0,12.0
Fiero Tequila Habanero 750ml,Tequila,-1.0,9.0
Figenza Mediterranean Fig Vodka 750ml,Vodka,-1.0,9.0
Filthy Pimento Olives 70oz,Garnish,-1.0,5.0
Finest Call Peach Puree 750ml,Mixer,0.0,22.0
Fiorente Elderflower Liqueur 750ml,Liqueur,-1.0,6.0
Fistful Of Bourbon 750ml,Whiskey Bourbon/American,0.0,28.0
Flor De Cana White 4y 1.75L,Rum,0.0,18.0
Flor De Cana White 4y 1L,Rum,0.0,46.0
Flor Del Desierto Desierto 750ml,Sotol,0.0,10.0
Fords Gin 1L,Gin,0.0,63.0
Foro Vermouth Dry 1L,Fortified,-1.0,34.0
Foro Vermouth Dry 750ml,Fortified,-1.0,12.0
Foro Vermouth di Torino 1L,Fortified,-1.0,29.0
Foro Vermouth di Torino 750ml,Fortified,-1.0,12.0
Fortaleza Blanco Still Strength 750ml,Tequila,0.0,33.0
Forty Creek Barrel Select 1L,Whiskey Canadian,-1.0,6.0
Four Pillars Rare Dry Gin 750ml,Gin,-1.0,4.0
Four Roses Shaker Single Barrel 324H 750ml,Whiskey Bourbon/American,0.0,5.0
Four Roses Single Barrel 29-200 Moonshine 750ml,Whiskey Bourbon/American,0.0,12.0
Four Roses Small Batch 2019 LE Barrel Strength 750ml,Whiskey Bourbon/American,0.0,1.0
Four Roses Small Batch 2020 LE Barrel Strength 750ml,Whiskey Bourbon/American,0.0,1.0
Four Roses Small Batch 2021 LE Barrel Strength 750ml,Whiskey Bourbon/American,-1.0,1.0
Four Roses Small Batch 750ml,Whiskey Bourbon/American,0.0,8.0
Foursquare Indelible 750ml,Rum,0.0,35.0
Foursquare Sovereignty 750ml,Rum,0.0,20.0
Frangelico 1L,Liqueur,0.0,18.0
Frankly Apple Vodka 1L,Vodka,0.0,9.0
Frankly Lemon Vodka 1L,Vodka,-1.0,6.0
Frankly Organic Vodka 1L,Vodka,0.0,5.0
Frankly Pomegranate Vodka 1L,Vodka,-1.0,12.0
Frankly Strawberry Vodka 1L,Vodka,0.0,20.0
Fruit Lab Ginger 750ml,Liqueur,0.0,5.0
Fruit Lab Grand Poppy 750ml,Amaro,0.0,5.0
Fruitful Mixology Blood Orange 1L,Liqueur,-1.0,18.0
Fruitful Mixology Dragonfruit 1L,Liqueur,-1.0,18.0
Fruitful Mixology Mango 1L,Liqueur,-1.0,16.0
Fruitful Mixology Mission Fig 1L,Liqueur,-1.0,18.0
Fruitful Mixology Pink Guava 1L,Liqueur,-1.0,18.0
Fruitful Mixology Smoked Jalapeno 1L,Liqueur,-1.0,16.0
Fruitful Mixology Strawberry 1L,Liqueur,-1.0,16.0
Fruitful Mixology Watermelon 1L,Liqueur,-1.0,18.0
Fuenteseca Anejo 2003 18y 750ml,Tequila,-1.0,2.0
Fuenteseca Anejo 2005 11y 750ml,Tequila,-1.0,1.0
Fuenteseca Anejo 2006 15y 750ml,Tequila,-1.0,3.0
G4 Blanco 108 proof Tequila 750ml,Tequila,0.0,6.0
Game Day UT 750ml,Vodka,-1.0,10.0
Garrison Brothers Balmorhea 750ml,Whiskey Bourbon/American,0.0,5.0
Garrison Brothers Guadalupe Port Cask 750ml,Whiskey Bourbon/American,0.0,9.0
Garrison Brothers Single Barrel 750ml,Whiskey Bourbon/American,0.0,10.0
George T Stagg Jr 750ml,Whiskey Bourbon/American,0.0,14.0
Germain Robin Alambic Brandy 7yr 750ml,Brandy,-1.0,3.0
Germain Robin Alambic Brandy XO 750ml,Brandy,-1.0,6.0
Gilbeys Gin Round 1L,Gin,-1.0,24.0
Gin Mare 1L,Gin,0.0,12.0
Glendalough 7y Mizunara 750ml,Whiskey Scotch,-1.0,12.0
Glendalough Wild Botanical Gin 750ml,Gin,0.0,6.0
Glenfiddich 30y 750ml,Whiskey Scotch,0.0,1.0
Glenlivet 12y  1L,Whiskey Scotch,0.0,9.0
Glenlivet Caribbean Reserve 1L,Whiskey Scotch,0.0,14.0
Glenlivet Founder's Reserve 1L,Whiskey Scotch,0.0,5.0
Glenmorangie Cadboll Estate 15y 750ml,Whiskey Scotch,0.0,1.0
Gold Spot 9y 750ml,Whiskey Irish,0.0,6.0
Goodnight Loving Vodka 1L,Vodka,0.0,7.0
Gordon Macphail Mortlach 15yr 750ml,Whiskey Scotch,0.0,3.0
Goslings Ginger Beer 1L,Non Alcoholic Beverage,0.0,24.0
Goslings Ginger Beer Cans 6 Pack,Non Alcoholic Beverage,0.0,12.0
Gracias a Dios Oaxacan Gin 750ml,Gin,0.0,12.0
Gran Coramino Cristalino 750ml,Tequila,-1.0,25.0
Gran Patron Platinum 750ml,Tequila,-1.0,5.0
Grand Marnier 1L,Liqueur,0.0,38.0
Grants Blended Scotch 1L,Whiskey Scotch,0.0,11.0
Gregarious Grump 15yr Jamaica 750ml,Rum,-1.0,2.0
Gregarious Grump 16y Barbados Foursquare 750ml,Rum,-1.0,3.0
Gregarious Grump 19y Barbados 750ml,Rum,-1.0,3.0
Grey Goose 175L,Vodka,-1.0,6.0
Grey Goose 1L,Vodka,0.0,50.0
Grey Goose Essences Strawberry & Lemongrass 750ml,Vodka,0.0,6.0
Grey Goose Essences Watermelon & Basil 1L,Vodka,0.0,11.0
Grey Goose La Poire 1L,Vodka,-1.0,5.0
Grey Goose Orange 1L,Vodka,0.0,8.0
Gusto Historico Emanuel Ramos Cucharillo 750ml,Mezcal,0.0,1.0
Gusto Historico Eusebio Santos Tobala Bicuixe 750ml,Mezcal,0.0,7.0
Gusto Historico Juan Garcia Blend of 4 750ml,Mezcal,-1.0,1.0
Gusto Historico Victor Ramos Arroqueno 750ml,Mezcal,0.0,1.0
Gusto Historico Victor Ramos Bicuixe/Tripon/Espadin/Arroqueno/Mexicano 750ml,Mezcal,-1.0,3.0
Hacienda De Chihuahua Reposado 750ml,Sotol,0.0,15.0
Hakushu 12y 750ml,Whiskey Japanese,0.0,46.0
Half Hitch Gin 750ml,Gin,0.0,10.0
Hamilton Navy Strength 750ml,Rum,0.0,22.0
Hampden Estate Great House 2021 750ml,Rum,0.0,1.0
Hampden Estate Jamaican Overproof 750ml,Rum,0.0,3.0
Hancocks Reserve 750ml,Whiskey Bourbon/American,0.0,4.0
Hanson Of Sonoma Vodka 1L,Vodka,0.0,6.0
Hardin's Creek 2 Year 750ml,Whiskey Bourbon/American,-1.0,5.0
Hardin's Creek Jacob's Well 750ml,Whiskey Bourbon/American,-1.0,2.0
Harleston Green Blended Scotch 1L,Whiskey Scotch,-1.0,27.0
Havana Club Anejo Blanco 750ml,Rum,0.0,16.0
Heaven Hill Heritage Collection 17y 2022 750ml,Whiskey Bourbon/American,-1.0,2.0
Heaven Hill Rum Gold 1L,Rum,0.0,8.0
Heavens Door Straight Bourbon Whiskey 750ml,Whiskey Bourbon/American,0.0,26.0
Heineken 0.0 NA Bottles 6 Pack,Imp Beer,0.0,24.0
Heineken Bottles 6 Pack,Imp Beer,0.0,59.0
Hendricks Neptunia 750ml,Gin,0.0,11.0
Hendricks Orbium 750ml,Gin,0.0,15.0
Henri Bardouin Pastis 750ml,Absinthe,0.0,7.0
Henry McKenna Bonded 10y 750ml,Whiskey Bourbon/American,0.0,43.0
Herradura Ultra Anejo Cristalino 750ml,Tequila,-1.0,3.0
Hi Sign Violet Bluberry Blonde Cans 6 Pack,Craft Beer,0.0,12.0
Hibiki 21 750ml,Whiskey Japanese,0.0,1.0
Hibiki Harmony 750ml,Whiskey Japanese,0.0,14.0
High Noon Grapefruit 4/12oz,RTD,-1.0,12.0
High Noon Mango 4/12oz,RTD,-1.0,18.0
High Noon Passionfruit 4/12oz,RTD,-1.0,18.0
High Noon Pineapple 4/12oz,RTD,-1.0,12.0
High Noon Watermelon 4/12oz,RTD,0.0,6.0
High West American Prairie 375ml,Whiskey Bourbon/American,0.0,11.0
High West American Prairie MML Barrel 750ml,Whiskey Bourbon/American,-1.0,35.0
High West High Country American Single Malt 750ml,Whiskey American Single Malt,-1.0,2.0
High West Midwinters Nights Dram 750ml,Whiskey Bourbon/American,0.0,3.0
High West Moonshine Barrel 750ml,Whiskey Bourbon/American,-1.0,39.0
Highland Park 18y 750ml,Whiskey Scotch,0.0,1.0
Highland Park 21y 750ml,Whiskey Scotch,0.0,3.0
Hinch 10y Sherry Cask 750ml,Whiskey Irish,0.0,1.0
Hiram Walker Peach Schnapps 1L,Liqueur,0.0,43.0
Hiram Walker Peppermint Schnapps 1L,Liqueur,0.0,5.0
Hiram Walker Triple Sec 1L,Liqueur,-1.0,26.0
Holmes Cay Jamaica 10yr 750ml,Rum,0.0,2.0
Hornitos Mango Ranch Water 4 pack,RTD,-1.0,6.0
Hudson Do The Rye Thing 750ml,Whiskey Rye,0.0,6.0
Hudson Short Stack Rye 750ml,Whiskey Rye,0.0,11.0
Hye Dark Rum 750ml,Rum,0.0,14.0
Ichiros Chichibu X Komagatake 2021 Double Distilleries 750ml,Whiskey Japanese,0.0,2.0
Ichiros Malt Chichibu 2019 US Edition 750ml,Whiskey Japanese,0.0,1.0
Ichiros Malt Chichibu The First 10 2020 750ml,Whiskey Japanese,-1.0,1.0
Ichiros Malt and Grain Chichibu 750ml,Whiskey Japanese,0.0,1.0
Ichiros Malt and Grain World Whisky 750ml,Whiskey Japanese,0.0,1.0
Iichiko Silhouette 750ml,Shochu,-1.0,12.0
Insolito Blanco 750ml,Tequila,0.0,7.0
Insolito Reposado 750ml,Tequila,0.0,4.0
Iron Wolf Bourbon 750ml,Whiskey Bourbon/American,0.0,7.0
Ivy Mountain Corn Whiskey 750ml,Whiskey Bourbon/American,0.0,11.0
Iwai Mars 45 1.8L,Whiskey Japanese,0.0,14.0
J Rieger KU Championship Bourbon 750ml,Whiskey Bourbon/American,-1.0,11.0
JP Wisers Triple Barrel Rye 750ml,Whiskey Canadian,-1.0,8.0
JW Dant Bonded 1L,Whiskey Bourbon/American,0.0,43.0
Jack Daniels Bonded 1L,Whiskey Bourbon/American,-1.0,43.0
Jack Daniels Single Barrel Select 750ml,Whiskey Bourbon/American,0.0,14.0
Jack Daniels Triple Mash 1L,Whiskey Bourbon/American,-1.0,27.0
Jagermeister 1L,Amaro,0.0,28.0
Jagermeister Cold Brew 1L,Amaro,0.0,15.0
Jagermeister Mini 10pk 20ml,Amaro,0.0,24.0
Jameson 175L,Whiskey Irish,0.0,6.0
Jameson Black Barrel 1L,Whiskey Irish,0.0,8.0
Jameson Caskmates Stout 750ml,Whiskey Irish,-1.0,3.0
Jameson Orange 1L,Whiskey Irish,-1.0,4.0
Jelinek Fernet 750ml,Amaro,0.0,4.0
Jeppsons Straight Bourbon 750ml,Whiskey Bourbon/American,0.0,6.0
Jim Beam Orange 1L,Whiskey Bourbon/American,-1.0,16.0
Jim Beam Rye 1L,Whiskey Bourbon/American,-1.0,8.0
Jim Beam Single Barrel 750ml,Whiskey Bourbon/American,-1.0,5.0
Jim Beam White 1L,Whiskey Bourbon/American,0.0,40.0
Johnnie Walker Double Black 1L,Whiskey Scotch,-1.0,8.0
Johnny Drum Private Stock 750ml,Whiskey Bourbon/American,0.0,11.0
Jose Cuervo Gold 1L,Tequila,-1.0,12.0
Jose Cuervo silver 750ml,Tequila,-1.0,6.0
Joseph Magnus Cigar Blend 750ml,Whiskey Bourbon/American,0.0,3.0
Joto Eiko Fuji Ban Ryu 10000 Ways 720ml,Sake,-1.0,6.0
Juarez Triple Sec 60 Proof 1L,Liqueur,-1.0,6.0
Kafi Cashew Feni 750ml,Brandy,0.0,6.0
Kahlua 1L,Liqueur,0.0,16.0
Kalani Coconut 750ml,Liqueur,0.0,3.0
Kentucky Deluxe 1L,Whiskey Bourbon/American,0.0,32.0
Ketel One 175L,Vodka,0.0,24.0
Ketel One 1L,Vodka,0.0,34.0
Ketel One Citroen 1L,Vodka,0.0,3.0
Ketel One Grapefruit And Rose 1L,Vodka,0.0,18.0
Ketel One Peach and Orange Blossom 1L,Vodka,-1.0,66.0
Ki No Bi GO 5 Year Anniversary Release 750ml,Gin,-1.0,6.0
Kikori Whiskey 750ml,Whiskey Japanese,0.0,40.0
Kirk and Sweeney Gran Reserva 750ml,Rum,0.0,5.0
Kirk and Sweeney Gran Reserva Superior 750ml,Rum,0.0,5.0
Kirk and Sweeney XO No1 750ml,Rum,-1.0,3.0
Kleiner Feigling Fig 10 Pack 20ml,Liqueur,0.0,360.0
Knappogue Castle 16y Twin Wood 750ml,Whiskey Irish,0.0,3.0
Knob Creek 12y 750ml,Whiskey Bourbon/American,0.0,23.0
Knob Creek Bourbon 1L,Whiskey Bourbon/American,0.0,57.0
Knob Creek Single Barrel Reserve Bourbon 750ml,Whiskey Bourbon/American,0.0,32.0
Koch Ancestral Espadin 750ml,Mezcal,0.0,11.0
Koch Arroqueno 750ml,Mezcal,0.0,4.0
Koch Tepeztate 750ml,Mezcal,0.0,7.0
Komagatake Double Cellars 750ml,Whiskey Japanese,0.0,1.0
Komagatake Limited Edition 2019 750ml,Whiskey Japanese,0.0,1.0
Komagatake Limited Edition 2020 750ml,Whiskey Japanese,0.0,1.0
Komos Reposado Rosa 750ml,Tequila,-1.0,8.0
Kooper Barrel Reserve Rye 750ml,Whiskey Rye,0.0,6.0
Koval Barreled Gin MML Private Barrel 750ml,Gin,-1.0,4.0
Kraken 94 1L,Rum,0.0,9.0
Krug Grand Cuvee 750ml,Bubbles,-1.0,17.0
Kruto Red Label Vodka 1.75L,Vodka,-1.0,18.0
Kruto Red Label Vodka 1L,Vodka,0.0,727.0
Kruto Red Label Vodka 750ml,Vodka,-1.0,5.0
Kuhn Rikon Peeler Blue,Bar Tools,0.0,6.0
La Caravedo Pisco Mosto Verde 750ml,Pisco,0.0,6.0
La Luna Cupreata 1L,Mezcal,-1.0,70.0
La Luna Espadincillo 750ml,Mezcal,0.0,2.0
La Pinta Pomegranate 750ml,Liqueur,-1.0,3.0
La Venenosa Raicilla Tabernas Reposado 750ml,Raicilla,-1.0,12.0
Lagavulin Distillers Edition 750ml,Whiskey Scotch,0.0,4.0
Lagunitas IPA 12 Pack Bottles,Craft Beer,0.0,8.0
Lalo Blanco 750ml,Tequila,0.0,53.0
Laphroaig 10y Cask Strength Batch 13 750ml,Whiskey Scotch,-1.0,3.0
Laphroaig 16y 750ml,Whiskey Scotch,-1.0,6.0
Larceny Barrel Proof 750ml,Whiskey Bourbon/American,0.0,18.0
Laws Four Grain Bourbon 750ml,Whiskey Bourbon/American,0.0,12.0
Laws Four Grain Bourbon Cask Strength 750ml,Whiskey Bourbon/American,-1.0,4.0
Laws Rye BIB 750ml,Whiskey Rye,0.0,3.0
Laws San Luis Rye 750ml,Whiskey Rye,0.0,6.0
Legacy Canadian 750ml,Whiskey Canadian,0.0,11.0
Legendre Herbsaint 750ml,Absinthe,0.0,3.0
Lejay Cassis 750ml,Liqueur,-1.0,6.0
Lemon Hart Spiced Rum 750ml,Rum,0.0,2.0
Leopold Bros Sour Apple Liqueur 750ml,Liqueur,0.0,7.0
Leopold Brothers BIB 750ml,Whiskey Bourbon/American,0.0,6.0
Letherbee Besk 750ml,Amaro,0.0,17.0
Leyenda Oaxaca Espadin 750ml,Mezcal,0.0,6.0
Liber & Co Fiery Ginger 17oz,Mixer,0.0,43.0
Liber Lemon Lavender Cordial 9.5oz,Mixer,-1.0,108.0
Lillet Blanc 750ml,Fortified,0.0,2.0
Limavady Single Barrel 750ml,Whiskey Irish,-1.0,11.0
Liquid Alchemist Coconut 750ml,Mixer,-1.0,43.0
Liquid Alchemist Passion Fruit 750ml,Mixer,0.0,9.0
Liquid Alchemist Tamarindo 750ml,Mixer,-1.0,6.0
Little Book Straight Bourbon The Invitation 2021 750ml,Whiskey Bourbon/American,-1.0,1.0
Livewire Holy Tiger 375ml,RTD,-1.0,3.0
Lo-Fi Sweet Vermouth 750ml,Fortified,0.0,15.0
Lobos Tequila 1707 Joven 750ml,Tequila,0.0,2.0
Lobos Tequila 1707 Reposado 750ml,Tequila,0.0,2.0
Loch Lomond The Open 750ml,Whiskey Scotch,-1.0,18.0
Lock Stock & Barrel 21 Rye 750ml,Whiskey Rye,-1.0,6.0
Lone Pint Yellow Rose 6pk/12oz Cans,Craft Beer,-1.0,8.0
Los Vecinos Del Campo Espadin 1L,Mezcal,-1.0,41.0
Lustau Amontillado Dry Sherry 750ml,Fortified,0.0,37.0
Lustau Brandy De Jerez 750ml,Brandy,0.0,14.0
Lustau Vermut Rouge 750ml,Fortified,0.0,12.0
Luxardo Apertivo 750ml,Amaro,-1.0,11.0
Luxardo Cherries 3kg Can,Garnish,0.0,2.0
Luxardo Grappa Euganea 750ml,Grappa,0.0,10.0
Luxardo Sour Cherry Gin 750ml,Gin,-1.0,6.0
Lyres NA Aperitif Dry 700ml,Mixer,-1.0,6.0
Lyres NA Aperitif Rosso 700ml,Mixer,-1.0,6.0
Lyres NA Dry London Spirit 700ml,Mixer,-1.0,5.0
Macallan 12y Double Cask 750ml,Whiskey Scotch,0.0,15.0
Macallan 15y Double Cask 750ml,Whiskey Scotch,0.0,7.0
Madre Mezcal Espadin 750ml,Mezcal,0.0,10.0
Maestro Dobel Anejo 750ml,Tequila,0.0,5.0
Maestro Dobel Diamante 750ml,Tequila,0.0,8.0
Maestro Dobel Silver 750ml,Tequila,-1.0,9.0
Maine Root Ginger Brew 12oz,Non Alcoholic Beverage,0.0,48.0
Makers Mark 46 750ml,Whiskey Bourbon/American,0.0,2.0
Makers Mark FAE-01 750ml,Whiskey Bourbon/American,0.0,2.0
Makers Mark RC6 750ml,Whiskey Bourbon/American,0.0,1.0
Makers Mark SE4xPR5 750ml,Whiskey Bourbon/American,0.0,2.0
Malibu 1L,Rum,0.0,16.0
Malibu Pineapple 1L,Rum,-1.0,12.0
Malibu Strawberry 1L,Rum,-1.0,12.0
Mancino Secco 750ml,Fortified,0.0,2.0
Marca Negra Espadin 750ml,Mezcal,0.0,4.0
Marfa Spirits Chicuahuan Desert Sotol 80 1L,Sotol,0.0,14.0
Marfa Spirits Desert Gin 1L,Gin,0.0,11.0
Marfa Spirits Rio Grande Grapefruit 1L,Liqueur,-1.0,11.0
Mars Maltage Cosmo 750ml,Whiskey Japanese,0.0,2.0
Mars Maltage Cosmo Wine Cask Finish 2020 750ml,Whiskey Japanese,0.0,3.0
Martell Blue Swift 750ml,Cognac,0.0,16.0
Martin Miller Gin 750ml,Gin,0.0,14.0
Martini & Rossi Extra Dry Vermouth 1L,Fortified,-1.0,22.0
Martini & Rossi Rosso Vermouth 1L,Fortified,0.0,13.0
Massenez Creme De Cassis 750ml,Liqueur,-1.0,12.0
Mathilde Creme de Cassis 750ml,Liqueur,0.0,10.0
Meletti Fernet 750ml,Amaro,0.0,38.0
Meletti Limoncello 750ml,Liqueur,0.0,7.0
Mestizo Reposado 750ml,Mezcal,0.0,1.0
Mezcal Marca Negra Dobadan 750ml,Mezcal,0.0,1.0
Mezcal Vago Arroqueno Nickel City  750ml,Mezcal,-1.0,17.0
Mezcal Vago Tobala TX Exclusive 750ml,Mezcal,0.0,1.0
Mezcalero 25 750ml,Mezcal,0.0,2.0
Mezcalero 26 750ml,Mezcal,0.0,11.0
Mezcalero 27 750ml,Mezcal,0.0,3.0
Mezcalero Special Bottle No5 750ml,Mezcal,0.0,8.0
Mezonte Jalisco Lorenzo Virgen 11 Magueys 750,Raicilla,0.0,1.0
Mi Campo Blanco 1L,Tequila,0.0,21.0
Mi Campo Reposado 1L,Tequila,0.0,24.0
Mi Casa Tequila Blanco 750mL,Tequila,-1.0,20.0
Michters 10y Rye 750ml,Whiskey Rye,0.0,1.0
Michters American Whiskey 750ml,Whiskey Bourbon/American,0.0,27.0
Michters Sour Mash 750ml,Whiskey Bourbon/American,0.0,9.0
Michters Toasted Barrel Rye 750ml,Whiskey Rye,0.0,1.0
Middle West Dark Pumpernickel Rye 750ml,Whiskey Rye,-1.0,6.0
Middle West Michelone Bourbon 750ml,Whiskey Bourbon/American,-1.0,6.0
Middle West Oloroso Wheat Whiskey 750ml,Whiskey Bourbon/American,-1.0,6.0
Middle West Ported Pumpernickel Rye 750ml,Whiskey Rye,-1.0,5.0
Middle West Sherry Cask Bourbon 750ml,Whiskey Bourbon/American,-1.0,5.0
Middle West Straight Wheat Whiskey 750ml,Whiskey Bourbon/American,-1.0,6.0
Midleton Very Rare Dair Ghaelach Kylebeg Wood Tree No.1 750ml,Whiskey Irish,-1.0,1.0
Midori Melon 750ml,Liqueur,-1.0,94.0
Milagro Reposado Select Barrel Reserve 750ml,Tequila,-1.0,5.0
Milagro Silver Select Barrel Reserve 750ml,Tequila,0.0,5.0
Milam & Greene Castle Hill 13y Bourbon 750ml,Whiskey Bourbon/American,0.0,5.0
Milla Marolo Grappa and Camomile 750ml,Grappa,0.0,2.0
Miller High Life Bottles 12 Pack 12oz,Dom Beer,0.0,8.0
Miller Lite 12 oz Can 24 Pack,Dom Beer,0.0,19.0
Miller Lite Can 6 Pack 16oz,Dom Beer,0.0,36.0
Mirth Chardonnay 750ml,White,0.0,8.0
Mizu Sakura Cask 750ml,Shochu,-1.0,15.0
Modelo Especial 12oz 24Pack,Imp Beer,0.0,38.0
Modelo Negra Bottles 6 Pack,Imp Beer,0.0,8.0
Monin Blackberry 750ml,Mixer,-1.0,7.0
Monin Hazelnut 750ml,Mixer,-1.0,12.0
Monin Passionfruit 750ml,Mixer,0.0,43.0
Montenegro Amaro 1L,Amaro,0.0,32.0
Mortlach 12y 750ml,Whiskey Scotch,-1.0,18.0
Mt Gay Black Barrel 1L,Rum,0.0,60.0
Mt Gay Eclipse 1L,Rum,0.0,120.0
Murray Hill Club Bourbon 750ml,Whiskey Bourbon/American,-1.0,1.0
Nardini Amaro 700ml,Amaro,0.0,12.0
Nardini Grappa 40 Proof 700ml,Grappa,-1.0,16.0
Nardini Grappa Riserva 1L,Grappa,0.0,1.0
Navarre Veille Reserve Cognac 50y 750ml,Cognac,0.0,2.0
Neisson Vieux Ed Hamilton 750ml,Rum,0.0,4.0
Nelson Brothers Classic Whiskey 750ml,Whiskey Bourbon/American,-1.0,4.0
Nelson Brothers Reserve Bourbon 750ml,Whiskey Bourbon/American,-1.0,9.0
Neta Madrecuixe Capon 750ml,Mezcal,0.0,2.0
New Amsterdam 100 Proof 1.75L,Vodka,0.0,19.0
New Amsterdam Pink Whitney 1L,Vodka,0.0,30.0
New Amsterdam Vodka 1L,Vodka,0.0,133.0
Newport Sour Watermelon 750ml,Liqueur,-1.0,17.0
Nikka Coffey Malt Whiskey 750ml,Whiskey Japanese,0.0,8.0
Nikka Days Blended Whisky 750ml,Whiskey Japanese,0.0,4.0
Nikka Miyagikyo Peated 2021 750ml,Whiskey Japanese,-1.0,1.0
Nikka Taketsuru Pure Malt 750ml,Whiskey Japanese,0.0,4.0
Nikka Taketsuru Pure Malt White Label 750ml,Whiskey Japanese,0.0,13.0
Nikka Yoichi Non Peated 2021 750ml,Whiskey Japanese,-1.0,1.0
Nine Banded Straight Bourbon Whiskey 1L,Whiskey Bourbon/American,0.0,22.0
No 9 Iowa Whiskey 750ml,Whiskey Bourbon/American,0.0,3.0
Noble Oak Double Oak Bourbon 750ml,Whiskey Bourbon/American,0.0,6.0
Noble Oak Double Oak Rye 750ml,Whiskey Rye,0.0,17.0
Noilly Prat Extra Dry 750ml,Fortified,-1.0,27.0
Nonino Amaro 750ml,Amaro,0.0,18.0
Nonino lo Chardonnay di Grappa 750ml,Grappa,-1.0,7.0
Nosotros Blanco 750ml,Tequila,-1.0,1.0
Nosotros Mezcal 750ml,Mezcal,-1.0,25.0
Nosotros Reposado 750ml,Tequila,-1.0,32.0
Nuestra Soledad La Compania 750ml,Mezcal,0.0,1.0
OAX Original Arroqueno 750ml,Mezcal,-1.0,1.0
OAX Original Tepeztate 750ml,Mezcal,-1.0,1.0
OAX Original Tobala 750ml,Mezcal,-1.0,2.0
OFC Bourbon 1995 750ml,Whiskey Bourbon/American,0.0,1.0
Oak and Eden Bourbon 750ml,Whiskey Bourbon/American,-1.0,6.0
Oak and Eden Rye 750ml,Whiskey Rye,-1.0,6.0
Old Charter French Oak 750ml,Whiskey Bourbon/American,-1.0,11.0
Old Charter No. 8 750ml,Whiskey Bourbon/American,0.0,9.0
Old Elk Wheated Bourbon 750ml,Whiskey Bourbon/American,-1.0,5.0
Old Ezra 7y 750ml,Whiskey Bourbon/American,0.0,4.0
Old Fitzgerald 11y Spring 2021 750ml,Whiskey Bourbon/American,-1.0,5.0
Old Fitzgerald 14y Fall 2020 750ml,Whiskey Bourbon/American,0.0,1.0
Old Fitzgerald 17y Spring 2022 750ml,Whiskey Bourbon/American,-1.0,2.0
Old Fitzgerald 9y Spring 2020 750ml,Whiskey Bourbon/American,0.0,1.0
Old Forester Birthday Bourbon 2018 750ml,Whiskey Bourbon/American,0.0,1.0
Old Forester Birthday Bourbon 2019 750ml,Whiskey Bourbon/American,0.0,1.0
Old Forester Birthday Bourbon 2020 750ml,Whiskey Bourbon/American,0.0,1.0
Old Forester Birthday Bourbon 2021 750ml,Whiskey Bourbon/American,-1.0,1.0
Old Forester Cask Strength Shaker Barrel 750ml,Whiskey Bourbon/American,0.0,5.0
Old Forester Rye Barrel Strength750ml,Whiskey Rye,-1.0,7.0
Old Forester Sammies Selection 750ml,Whiskey Bourbon/American,-1.0,55.0
Old Harbor Gin 750ml,Gin,-1.0,24.0
Old Harbor San Miguel Gin 750ml,Gin,-1.0,1.0
Old Overholt Rye Bonded 1L,Whiskey Rye,0.0,13.0
Old Pulteney 12y 750ml,Whiskey Scotch,-1.0,6.0
Old Tub Unfiltered 750ml,Whiskey Bourbon/American,0.0,23.0
Olmeca Altos Plata 1L,Tequila,0.0,112.0
Olmeca Altos Repo 1.75L,Tequila,-1.0,12.0
Onda Classic Collection 12oz 8pk,RTD,-1.0,30.0
Onda Paradise Collection 12oz 8pk,RTD,-1.0,6.0
Oro de Coyame Sotol 750ml,Sotol,-1.0,5.0
Orphan Barrel Fable & Folly 750ml,Whiskey Canadian,-1.0,9.0
Orphan Barrel Muckety Muck 750ml,Whiskey Canadian,0.0,2.0
Owl and Whale Persimmon 100ml,Bitters,0.0,104.0
PM Spirits Arran Single Malt 6y 750ml,Whiskey Scotch,-1.0,1.0
PM Spirits Tequila Blanco,Tequila,0.0,1.0
PM Spirits Tequila Blanco Still Strength 750ml,Whiskey Scotch,-1.0,2.0
Pacifico Clara Bottles 6 Pack,Imp Beer,0.0,28.0
Paddy's Blended Irish Whiskey 1L,Whiskey Irish,0.0,33.0
Painted Donkey Blanco 750ml,Tequila,-1.0,48.0
Park Cognac Carte Blanche Cask 750ml,Cognac,-1.0,11.0
Parkers Heritage 10y Heavy Char 750ml,Whiskey Bourbon/American,0.0,1.0
Parkers Heritage 11y Wheated 750ml,Whiskey Bourbon/American,-1.0,1.0
Parkers Heritage Curacao Aged 750ml,Whiskey Bourbon/American,0.0,1.0
Parkers Heritage Rye 8y 750ml,Whiskey Rye,0.0,1.0
Partida Blanco 750ml,Tequila,0.0,10.0
Passoa Passion Fruit 750ml,Liqueur,-1.0,6.0
Patron Anejo 750ml,Tequila,0.0,4.0
Patron Anejo Sherry Cask 750ml,Tequila,-1.0,2.0
Patron Citronage 1L,Liqueur,0.0,33.0
Patron Extra Anejo 750ml,Tequila,0.0,5.0
Patron Reposado 750ml,Tequila,0.0,15.0
Patron Roca Silver 750ml,Tequila,0.0,3.0
Patron Silver 175L,Liqueur,-1.0,9.0
Pearl Vodka 1L,Vodka,-1.0,100.0
Peloton De La Muerte 1L,Mezcal,0.0,22.0
Pendleton 1910 Rye 12 Year 750ml,Whiskey Canadian,-1.0,6.0
Pendleton Blended 1L,Whiskey Canadian,0.0,46.0
Pepe Z Blanco Tequila 750ml,Tequila,0.0,36.0
Pepe Z Reposado Tequila 750ml,Tequila,0.0,8.0
Peychauds Barrel Aged Bitters 5oz,Bitters,0.0,24.0
Pierre Ferrand Cru De Cognac 1840 750ml,Cognac,0.0,41.0
Pierre Ferrand Reserve Double Cask 750ml,Cognac,0.0,4.0
Pierre Ferrand Selection Des Anges 750ml,Cognac,0.0,2.0
Pimms No 1 1L,Liqueur,0.0,27.0
Plantation 20th Anniversary 750ml,Rum,0.0,4.0
Plantation 3 Star 175L,Rum,0.0,28.0
Plantation Fiji 2005 750ml,Rum,0.0,1.0
Plantation Grand Reserve 5y 1.75L,Rum,-1.0,21.0
Plantation Grand Reserve 5y 750ml,Rum,0.0,44.0
Plantation Original Dark Double Aged 175L,Rum,0.0,23.0
Plantation Trinidad Shaker Barrel 21y 750ml,Rum,0.0,5.0
Plymouth Gin 1L,Gin,0.0,12.0
Pomp and Whimsy Gin Liqueur 750ml,Gin,0.0,5.0
Port Dundas 12y Single Grain 750ml,Whiskey Scotch,0.0,12.0
Prairie Gin 1L,Gin,0.0,9.0
Prideful Goat Cask Strength 15y 750ml,Whiskey Bourbon/American,-1.0,6.0
Prideful Goat Cask Strength 6y Rye 750ml,Whiskey Rye,-1.0,6.0
Proof & Wood Roulette Rye 750ml,Whiskey Rye,0.0,24.0
Proper Twelve Irish 750mL,Whiskey Irish,0.0,6.0
Protocolo Rose 750ml,Rose,0.0,22.0
Pueblo Viejo Blanco 175L,Tequila,0.0,11.0
Pueblo Viejo Reposado 1L,Tequila,0.0,74.0
Puncher's Chance Bourbon 750ml,Whiskey Bourbon/American,-1.0,12.0
Pure Kentucky XO 750ml,Whiskey Bourbon/American,0.0,9.0
Purkhart Pear Eau de Vie 750ml,Brandy,0.0,2.0
Quaglia Fernet 750ml,Amaro,0.0,12.0
Quality House Silver Rum  1L,Rum,0.0,19.0
Querendon Blanco Tequila 750ml,Tequila,-1.0,4.0
Querendon Reposado Tequila 750ml,Tequila,-1.0,6.0
Ramazzotti Sambuca 750ml,Liqueur,0.0,20.0
Rancho Tepua Lechuguilla 750ml,Mezcal,0.0,10.0
Ranger Creek 44 Rye 750ml,Whiskey Rye,-1.0,2.0
Ranger Creek Rimfire 375ml,Whiskey Rye,-1.0,4.0
"Real Minero Arroqueno, Blanca Comedor Barrel 750ml",Mezcal,-1.0,1.0
Real Minero Cuishe Artesanal 750ml,Mezcal,-1.0,4.0
Real Minero Cuishe Tradicional 750ml,Mezcal,0.0,2.0
Real Spirits Whiskey 750ml,Whiskey Bourbon/American,0.0,9.0
Real Syrup Banana 500ml,Mixer,0.0,28.0
Real Syrup Blueberry 500ml,Mixer,0.0,27.0
Real Syrup Coconut 500ml,Mixer,0.0,72.0
Real Syrup Mango 500ml,Mixer,0.0,18.0
Real Syrup Passion Fruit 500ml,Mixer,0.0,23.0
Rebecca Creek Small Batch Bourbon 750ml,Whiskey Bourbon/American,-1.0,8.0
Rebecca Creek Whiskey 1L,Whiskey Bourbon/American,-1.0,7.0
Red Bull 8oz,Non Alcoholic Beverage,0.0,24.0
Red Stripe Bottles 6 Pack,Dom Beer,0.0,4.0
Redbreast 27y 750ml,Whiskey Irish,0.0,1.0
Redbreast Kentucky Oak Edition 750ml,Whiskey Irish,0.0,21.0
Regans Orange Bitters 10oz,Bitters,0.0,95.0
Rejon Blanco Tequila 1L,Tequila,-1.0,12.0
Rejon Reposado Tequila 750ml,Tequila,-1.0,5.0
Remy Martin VSOP 1L,Cognac,0.0,4.0
Remy Martin XO Lunar New Year 750ml,Cognac,-1.0,5.0
Republic Tequila 750ml,Tequila,-1.0,6.0
Revolution Noce Pecan 375ml,Liqueur,0.0,9.0
Revolution Spirits Cello 200ml,RTD,-1.0,24.0
Revolution Spirits Cello 750ml,Liqueur,0.0,18.0
Rey Campero Cuishe 750ml,Mezcal,0.0,2.0
Rey Campero Cuishe Jabali 750ml,Mezcal,0.0,1.0
Rey Campero Madre Cuishe 750ml,Mezcal,0.0,2.0
Rey Campero Mexicano 750ml,Mezcal,0.0,2.0
Rey Campero Pechuga de Codorniz 750ml,Mezcal,-1.0,4.0
Rey Campero Three Blend 750ml,Mezcal,0.0,2.0
Reyka 750ml,Vodka,-1.0,5.0
Rezpiral Alejandrina & Nicolas Hernandez Rio Seco Zoquitlan Ensamble 750ml,Mezcal,0.0,1.0
Rezpiral Alejandrina & Nicolas Hernandez Rio Seco Zoquitlan Espadin de Lluvias 750ml,Mezcal,0.0,1.0
Rezpiral Simeon Ramirez San Agustin Amatengo Tobaziche 750ml,Mezcal,0.0,1.0
Rhum JM White 100 Proof 1L,Rum,0.0,1.0
Rhum JM White 100 Proof 700ml,Rum,-1.0,30.0
Rhum JM White 100 Proof 750ml,Rum,0.0,12.0
Richards Rainwater Still 750ml Bottle,Non Alcoholic Beverage,0.0,60.0
Riga Black Balsam Espresso Liqueur 750ml,Liqueur,-1.0,2.0
Rittenhouse Rye 1L,Whiskey Rye,-1.0,35.0
Rochelt Gin 375ml,Gin,-1.0,2.0
Rock Hill Farms Single Barrel 750ml,Whiskey Bourbon/American,0.0,1.0
Romana Sambuca 750ml,Liqueur,0.0,5.0
Romana Sambuca Black 750ml,Liqueur,0.0,11.0
Ron Abuelo Anejo 7y 750ml,Rum,-1.0,6.0
Ron Matusalem Clasico 750ml,Rum,0.0,6.0
Ron Rio Gold Rum 1L,Rum,0.0,27.0
Rose's Grenadine 1L,Mixer,-1.0,20.0
Rose's Sweetened Lime Juice 1L,Mixer,-1.0,16.0
Royal Rooster Vodka 1L,Vodka,-1.0,13.0
Ruby Kist Orange Juice 5.5oz,Non Alcoholic Beverage,-1.0,480.0
Sagamore Spirit Rye 750ml,Whiskey Rye,0.0,9.0
Sailor Jerry 1L,Rum,0.0,14.0
Saint Cloud 7y 750ml,Whiskey Bourbon/American,-1.0,20.0
Saint Liberty Marys Four Grain 750ml,Whiskey Rye,0.0,5.0
Saint Vivant Armagnac 750ml,Cognac,-1.0,10.0
Samuel Adams Boston Lager 6 pack Bottles,Dom Beer,0.0,28.0
San Pellegrino Cs 15 x 750ml,Non Alcoholic Beverage,-1.0,7.0
Santanera Kosher Blanco 750ml,Tequila,0.0,8.0
Sauza Hornitos Anejo Black Barrel 750ml,Tequila,-1.0,12.0
Sauza Hornitos Plata 175L,Tequila,-1.0,12.0
Sauza Hornitos Plata 1L,Tequila,0.0,28.0
Sauza Hornitos Reposado 1L,Tequila,0.0,37.0
Sazerac Rye 1.75L,Whiskey Rye,0.0,36.0
Sazerac Rye 6y 750ml,Whiskey Rye,0.0,14.0
Scapegrace Black Gin 750ml,Gin,-1.0,7.0
Scapegrace Dry Gin 750ml,Gin,0.0,4.0
Scapegrace Gold Dry Gin 750ml,Gin,0.0,7.0
Schladerer Kirschwasser 750ml,Brandy,0.0,8.0
Scrappys Chocolate Bitters 5oz,Bitters,0.0,34.0
Scrappys Firewater Bitters 5oz,Bitters,0.0,24.0
Scrappys Lavender Bitters 5oz,Bitters,0.0,15.0
Se Busca Joven 750ml,Mezcal,-1.0,11.0
SelvaRey White Rum 750ml,Rum,-1.0,2.0
Seven Tails XO Brandy 750ml,Brandy,-1.0,6.0
Severo Anejo 750ml,Tequila,-1.0,3.0
Severo Plata 750ml,Tequila,-1.0,6.0
Severo Reposado 750ml,Tequila,-1.0,3.0
Sheep Dog Peanut Butter 750ml,Whiskey Bourbon/American,0.0,8.0
Shenks Homestead Sour Mash 2022 750ml,Whiskey Bourbon/American,0.0,3.0
Shibui Grain Select 750ml,Whiskey Japanese,0.0,1.0
Shibui Pure Malt 10y 750ml,Whiskey Japanese,0.0,3.0
Shibui Pure Malt 750ml,Whiskey Japanese,0.0,2.0
Siembra Valles Blanco 750ml,Tequila,0.0,2.0
Siete Misterios Coyote 750ml,Mezcal,-1.0,5.0
Siete Misterios Espadin Tepeztate 750ml,Mezcal,-1.0,6.0
Siete Misterios Espadin Tobala 750ml,Mezcal,-1.0,6.0
Siete Misterios Pechuga 750ml,Mezcal,-1.0,4.0
Siete Misterios Tobala 750ml,Mezcal,-1.0,4.0
Silkie Irish Whiskey Dark 750ml,Whiskey Irish,-1.0,11.0
Skrewball Peanut Butter Whiskey 1L,Whiskey Bourbon/American,0.0,10.0
Skyy Vodka 175L,Vodka,0.0,64.0
Skyy Vodka 1L,Vodka,0.0,15.0
Skyy Vodka Watermelon 1L,Vodka,-1.0,12.0
Skyy Vodka Watermelon 750ml,Vodka,0.0,1.0
Slane Irish Whiskey 1L,Whiskey Irish,0.0,8.0
Smirnoff Vanilla 1L,Vodka,-1.0,27.0
Smirnoff Vanilla 750ml,Vodka,-1.0,24.0
Smirnoff Vanilla Vodka 375ml,Vodka,-1.0,9.0
Smooth Ambler Founders Cask Strength Rye 750ml,Whiskey Rye,-1.0,2.0
Smooth Ambler Old Scout Bourbon 99proof 750ml,Whiskey Bourbon/American,0.0,24.0
Smooth Ambler Old Scout Rye Moonshine Barrel 750ml,Whiskey Rye,-1.0,35.0
Sol Tarasco Anejo Charanda con Honogos 750ml,Charanda,-1.0,9.0
Soledad Extra Anejo Dos Barricas 750ml,Tequila,-1.0,5.0
Soledad Joven 750ml,Tequila,-1.0,6.0
Sotoleros Lupe Ensamble 750ml,Sotol,0.0,1.0
Sotoleros Lupe Venison Carne 750ml,Sotol,-1.0,21.0
Soul Cachaca 1L,Cachaca,-1.0,10.0
Sourced Signature Bitter Cordial 750ml,Amaro,0.0,6.0
Spiegelau Gin & Tonic Glass,Glassware,0.0,96.0
Spiritless Jalisco 55 NA 750ml,Non Alcoholic Beverage,-1.0,11.0
Spiritless Kentucky 74 NA 750ml,Non Alcoholic Beverage,-1.0,15.0
St George Raspberry Brandy 750ml,Brandy,-1.0,5.0
St. Elder Blood Orange Liqueur 750ml,Liqueur,-1.0,14.0
St. Elder Elderflower Liqueur 750ml,Liqueur,0.0,25.0
St. Elmo Hop Water 6pk,Non Alcoholic Beverage,0.0,12.0
Starr Light Rum 750ml,Rum,-1.0,2.0
Starward Nova Australian Whisky 750ml,Whiskey Australian,-1.0,5.0
Starward Two Fold Australian Whisky 750ml,Whiskey Australian,-1.0,4.0
Stella Bottles 12 Pack 12oz,Imp Beer,0.0,14.0
Stella Cans 6 Pack 16oz,Imp Beer,-1.0,100.0
Stellum Cask Strength Bourbon 750ml,Whiskey Bourbon/American,-1.0,2.0
Stellum Cask Strength Rye 750ml,Whiskey Bourbon/American,-1.0,4.0
Stirrings Simple Syrup 355ml,Mixer,0.0,7.0
Straightaway Old Fashioned 50ml 12pk Case,RTD,-1.0,6.0
Stravecchio Branca Brandy 1L,Brandy,-1.0,3.0
Susto Mezcal 750ml,Mezcal,0.0,37.0
Sweetens Cove Kennessee Whiskey 750ml,Whiskey Bourbon/American,-1.0,10.0
Swift Sauternes Cask Finish 750ml,Whiskey American Single Malt,0.0,3.0
TLC Vodka 1L,Vodka,0.0,18.0
TW Samuels Blended 1L,Whiskey Bourbon/American,0.0,41.0
TX Blended Whiskey 1L,Whiskey Bourbon/American,0.0,131.0
Taaka Vodka 1L,Vodka,0.0,33.0
Tanqueray Gin 1L,Gin,0.0,27.0
Tanqueray Rangpur 750ml,Gin,0.0,8.0
Tanqueray Sevilla Orange 750ml,Gin,-1.0,10.0
Tanteo Jalapeno 750ml,Tequila,-1.0,60.0
Tapatio Reposado 750ml,Tequila,0.0,31.0
Tecate Cans 6 Pack,Imp Beer,0.0,8.0
Teeda Okinawan Rum 750ml,Rum,0.0,5.0
Templeton Rye 1L,Whiskey Rye,0.0,16.0
Ten High Sour Mash 1L,Whiskey Bourbon/American,-1.0,18.0
Tenjaku Pure Malt 750ml,Whiskey Japanese,-1.0,4.0
Tequila 512 Anejo 750ml,Tequila,-1.0,7.0
Tequila 512 Blanco 1L,Tequila,0.0,105.0
Tequila 818 Blanco 750ml,Tequila,-1.0,41.0
Tequila 818 Reposado 750ml,Tequila,-1.0,18.0
Tequila Ocho Plata 101 Overproof 750ml,Tequila,0.0,1.0
Teremana Anejo 1L,Tequila,0.0,11.0
Teremana Reposado 1L,Tequila,0.0,12.0
Terralta Extra Anejo 750ml,Tequila,0.0,5.0
The Botanist 1L,Gin,0.0,27.0
The Botanist 750ml,Gin,0.0,5.0
The Irishman Irish Cream Liqueur 750ml,Liqueur,-1.0,20.0
The Wine Bible,Books,-1.0,8.0
Tia Maria Coffee Liqueur 750ml,Liqueur,-1.0,18.0
Tiki Lovers Dark Rum 750ml,Rum,-1.0,10.0
Tiki Lovers Pineapple Rum 750ml,Rum,-1.0,4.0
Tin Cup 1L,Whiskey Bourbon/American,-1.0,12.0
Toyonaga Honkaku Shochu 750ml,Shochu,0.0,12.0
Treaty Oak Waterloo No. 9 1L,Gin,0.0,23.0
Tres Agaves Blanco 750ml,Tequila,0.0,18.0
Tres Generaciones Anejo 750ml,Tequila,-1.0,6.0
Tres Generaciones Plata 750ml,Tequila,0.0,4.0
Tres Generaciones Reposado 750ml,Tequila,-1.0,5.0
Tres Papalote Cupreata 750ml,Mezcal,-1.0,1.0
Tres Papalote Espadin 750ml,Mezcal,-1.0,1.0
Tribuno Sweet Vermouth 1L,Fortified,-1.0,12.0
Troop Bourbon Smash 200ml 4pk,RTD,-1.0,6.0
Troop Gin Spritz 200ml 4pk,RTD,-1.0,6.0
Troop Rum Mojito 200ml 4pk,RTD,-1.0,6.0
True Zester,Bar Tools,0.0,12.0
Truly Wild Berry Cans 6 Pack,RTD,0.0,12.0
Tuaca 1L,Liqueur,-1.0,5.0
Tullamore Dew Caribbean Cask 750ml,Whiskey Irish,0.0,2.0
Twisted Tea Original 12oz 12 pack ,Dom Beer,-1.0,8.0
Umbrella Picks,Garnish,0.0,24.0
Van Gogh Double Espresso 1L,Vodka,0.0,6.0
Vecchia Romagna Brandy Riserva Tre Botti 750ml,Brandy,0.0,6.0
Veuve Clicquot Brut 750ml,Bubbles,0.0,18.0
Viski Hairpin Deco Glass,Glassware,-1.0,32.0
Viski Hawthorne Strainer Stainless,Bar Tools,0.0,54.0
Viski Meridian Coupe Glass,Glassware,-1.0,16.0
Viski Meridian Highball Glass,Glassware,-1.0,12.0
Viski Meridian Tumbler Glass,Glassware,-1.0,12.0
Viski Metropolis Deco Glass,Glassware,-1.0,32.0
Volans Reposado 750ml,Tequila,0.0,4.0
Wahaka Espadin 750ml,Mezcal,0.0,11.0
Wahaka Espadin Manzanita 750ml,Mezcal,0.0,2.0
Wahaka Madrecuishe 750ml,Mezcal,-1.0,6.0
Waterford Biodynamic Luna 1.1 750ml,Whiskey Irish,0.0,9.0
Waterford The Cuvee 750ml,Whiskey Irish,0.0,9.0
Weller 107 750ml,Whiskey Bourbon/American,0.0,2.0
Weller 90 1L,Whiskey Bourbon/American,0.0,16.0
Weller Single Barrel 750ml,Whiskey Bourbon/American,0.0,1.0
Western Son Prickly Pear 1L,Vodka,0.0,17.0
Western Son Vodka 1L,Vodka,0.0,15.0
Westland Colere 1st Edition 750ml,Whiskey American Single Malt,-1.0,11.0
Westland Garryana 6th Edition 750ml,Whiskey American Single Malt,-1.0,4.0
Westland Single Malt Whiskey 750ml,Whiskey American Single Malt,0.0,4.0
Westward American Single Malt Cask Strength 750ml,Whiskey American Single Malt,-1.0,5.0
Westward Pinot Noir Single Malt 750ml,Whiskey American Single Malt,0.0,5.0
Westward Stout Cask Single Malt 750ml,Whiskey American Single Malt,0.0,6.0
Westward Whiskey 750ml,Whiskey American Single Malt,0.0,5.0
Whistlepig Farmstock Bourbon Beyond Bonded 750ml,Whiskey Bourbon/American,-1.0,12.0
Whistlepig Farmstock Rye Beyond Bonded 750ml,Whiskey Rye,-1.0,6.0
Whistlepig Haymaker 750ml,Whiskey Rye,-1.0,6.0
Whistlepig Piggyback Bourbon 6y 750ml,Whiskey Rye,-1.0,11.0
Whistlepig Smokestock 750ml,Whiskey Rye,-1.0,7.0
White Claw Blk Cherry 12oz 12pk cans,RTD,0.0,6.0
White Claw Watermelon 12oz 12pk cans,RTD,-1.0,6.0
White Rock Tonic 10oz,Non Alcoholic Beverage,-1.0,288.0
Whitley Blood Orange Gin 750ml,Gin,0.0,4.0
Whitley Original London Dry Gin 750ml,Gin,-1.0,24.0
Widow Jane 15yr 2020 750ml,Whiskey Bourbon/American,0.0,6.0
Widow Jane Decadence 750ml,Whiskey Bourbon/American,0.0,2.0
Widow Jane Lucky Thirteen 750ml,Whiskey Bourbon/American,0.0,8.0
Wild Sardina Gin 750ml,Gin,-1.0,6.0
Wild Sardinia Mirto 750ml,Liqueur,-1.0,4.0
Wild Turkey 101 1L,Whiskey Bourbon/American,0.0,75.0
Wild Turkey 17y Bonded 750ml,Whiskey Bourbon/American,0.0,1.0
Wild Turkey Masters Keep One 750ml,Whiskey Bourbon/American,-1.0,2.0
Wild Turkey Rare Breed Rye 750ml,Whiskey Rye,0.0,10.0
Wilderness Trail Bourbon Bottled In Bond Silver 750ml,Whiskey Bourbon/American,0.0,10.0
Willett Family Estate Bourbon 6y Highway Kind 750ml,Whiskey Bourbon/American,0.0,3.0
Willett Family Estate Bourbon 6y Night Life 750ml,Whiskey Bourbon/American,0.0,2.0
Willett Family Estate Bourbon 6y Ramblin Man 750ml,Whiskey Bourbon/American,0.0,3.0
Willett Family Estate Bourbon 6y Right or Wrong 750ml,Whiskey Bourbon/American,0.0,3.0
Willett Family Estate Bourbon 6y Stay All Night 750ml,Whiskey Bourbon/American,0.0,3.0
Willett Family Estate Bourbon 7y High Low In-Between 750ml,Whiskey Bourbon/American,0.0,3.0
Willett Family Estate Rye 10y 750ml,Whiskey Rye,0.0,2.0
Willett Family Estate Rye 6y Rose In Paradise 750ml,Whiskey Rye,0.0,5.0
Wine Folly Magnum Edition,Books,-1.0,8.0
Wolves Rye Project No 1 750ml,Whiskey Rye,0.0,5.0
Wolves Rye Project Volume 1 Batch 2 750ml,Whiskey Rye,-1.0,11.0
Woodford Reserve 1L,Whiskey Bourbon/American,0.0,91.0
Woodford Reserve Derby 1L,Whiskey Bourbon/American,0.0,6.0
Woodford Reserve Lamberts Pick 1L,Whiskey Bourbon/American,-1.0,57.0
Woodford Reserve Masters Five Malt Stouted 750ml,Whiskey Bourbon/American,-1.0,6.0
Woodinville Bourbon Shaker Barrel 750ml,Whiskey Bourbon/American,-1.0,60.0
Woody Creek Colorado Straight Rye 750ml,Whiskey Rye,0.0,14.0
Worthy Park Madeira Cask 10y 750ml,Rum,0.0,6.0
Worthy Park Port Cask 10y 750ml,Rum,0.0,4.0
Wray and Nephew Overproof 175L,Rum,-1.0,8.0
X Rated Liqueur 750ml,Liqueur,-1.0,5.0
Xicaru Reposado 750ml,Mezcal,0.0,13.0
Xicaru Silver 750ml,Mezcal,0.0,41.0
Yamazaki 12y 750ml,Whiskey Japanese,0.0,4.0
Yamazaki 18y 750ml,Whiskey Japanese,0.0,1.0
Yamazaki Mizunara 2022 750ml,Whiskey Japanese,-1.0,2.0
Yamazaki Peated Malt 2022 750ml,Whiskey Japanese,-1.0,2.0
Yamazaki Puncheon 2022 750ml,Whiskey Japanese,-1.0,2.0
Yamazaki Spanish Oak 2022 750ml,Whiskey Japanese,-1.0,1.0
Zephyr Black Gin 750ml,Gin,0.0,15.0
Zephyr Gin 750ml,Gin,0.0,33.0
Zing Zang Bloody Mary Mix 1.75L,Mixer,0.0,12.0
